상권구분,상세_주소,식품_세부분류,성과_유형,위도,경도,방문객_수(명),관련_기사_노출_수(건),UGC_리뷰_참여율(%),브랜드_신뢰도(5점),설문_응답률(%),구매_전환율(%),객단가(원),총_매출액(원),총_지출_비용(원),순수익(원),대관료(원),인테리어비(원),마케팅비(원),운영인건비(원),물류기타비(원),연도,분기,시작일,종료일,운영_기간(일),10대_방문객_수,20대_방문객_수,30대_방문객_수,40대_방문객_수,50대_방문객_수,60대이상_방문객_수,사전예약율(%)
부산 해운대/서면,부산 수영구 민락수변로17번길 56 밀락더마켓,라면/면류,실패(Low),35.154335,129.127123,3933,10,5.8,2.8,5.4,3.9,16048,2461554,95160000,-92698446,28740000,30740000,13100000,13200000,9380000,2024,1,2024-03-22,2024-04-04,14,530,1877,983,378,132,33,19.5
서울 성수동,서울 성동구 뚝섬로13길 38 공간 와디즈,간편식/밀키트,평균(Mid),37.544691,127.051765,18764,42,23.1,3.7,16.9,14.8,19340,53708572,136430000,-82721428,40150000,51910000,18910000,17800000,7660000,2024,4,2024-10-15,2024-12-13,60,2350,9019,4652,1919,618,206,42.5
서울 여의도,서울 영등포구 국제금융로 10 IFC몰 L3,라면/면류,성공(High),37.525051,126.925305,19643,129,51.0,4.8,48.8,30.8,27129,164131643,187870000,-23738357,56660000,54560000,48070000,17700000,10880000,2024,3,2024-07-04,2024-08-03,31,3445,8589,4723,1890,786,210,83.2
서울 강남/압구정,서울 강남구 압구정로46길 50 하우스 도산,스낵/과자류,평균(Mid),37.525185,127.035368,8713,42,20.9,3.6,20.7,15.6,26063,35425559,167850000,-132424441,52740000,64350000,28240000,15900000,6620000,2025,4,2025-11-05,2025-11-18,14,1782,4691,1410,487,256,87,50.9
대구 동성로,대구 중구 동성로6길 61 스파크,라면/면류,실패(Low),35.869792,128.595716,2908,2,5.4,2.6,3.8,2.7,16518,1296927,123940000,-122643073,35600000,54870000,10700000,14900000,7870000,2022,2,2022-05-02,2022-05-15,14,424,1401,652,288,118,25,29.0
서울 홍대/연남,서울 서대문구 연희로5길 22 연남장,스낵/과자류,성공(High),37.563046,126.92892,27601,95,44.2,4.4,30.6,20.4,30771,173259315,162510000,10749315,41130000,54800000,43310000,12400000,10870000,2024,4,2024-10-29,2024-11-07,10,6025,14465,3807,1987,998,319,87.1
서울 성수동,서울 성동구 뚝섬로13길 38 공간 와디즈,건강/비건식품,평균(Mid),37.54466,127.051933,12757,55,17.3,3.8,12.0,15.3,28599,55820128,138240000,-82419872,28290000,55510000,28340000,15200000,10900000,2024,2,2024-04-18,2024-04-27,10,608,1363,5450,3804,1145,387,52.8
서울 성수동,서울 성동구 연무장5길 20 쎈느,라면/면류,성공(High),37.542952,127.054362,29763,138,48.9,4.6,33.8,30.7,36283,331526515,155300000,176226515,55410000,31430000,41500000,15200000,11760000,2025,1,2025-01-14,2025-02-13,31,3770,14759,6774,3064,1102,294,79.4
서울 홍대/연남,서울 서대문구 연희로5길 22 연남장,베이커리/디저트,평균(Mid),37.562986,126.928868,14212,46,27.4,4.0,21.4,11.9,28779,48671850,149520000,-100848150,45270000,52930000,27750000,15700000,7870000,2024,4,2024-12-09,2024-12-29,21,2935,7207,2477,940,491,162,74.6
서울 강남/압구정,서울 강남구 압구정로46길 50 하우스 도산,주류/음료,실패(Low),37.525155,127.035332,6003,9,5.6,2.4,9.7,4.8,17459,5030706,142830000,-137799294,39040000,67440000,14830000,13300000,8220000,2025,1,2025-01-12,2025-02-01,21,61,3652,1808,375,51,56,22.7
서울 강남/압구정,서울 강남구 영동대로 513 코엑스,간편식/밀키트,성공(High),37.512404,127.058766,28079,98,43.9,4.4,34.9,22.6,31208,198041411,173300000,24741411,45340000,61020000,40410000,15500000,11030000,2023,2,2023-06-15,2023-06-24,10,4146,11983,7854,2737,1069,290,88.8
서울 강남/압구정,서울 강남구 압구정로46길 50 하우스 도산,스낵/과자류,평균(Mid),37.525173,127.035429,12339,41,16.8,3.7,12.9,10.1,20557,25618935,134550000,-108931065,33310000,52060000,26740000,12200000,10240000,2024,4,2024-11-24,2025-01-22,60,2160,7260,1584,832,393,110,44.9
서울 여의도,서울 영등포구 국제금융로 10 IFC몰 L3,라면/면류,실패(Low),37.525051,126.925359,6074,18,7.5,3.0,5.8,4.0,15810,3841197,116710000,-112868803,25600000,52760000,11030000,16400000,10920000,2025,4,2025-10-05,2025-10-25,21,743,2864,1544,621,251,51,23.6
서울 성수동,서울 성동구 연무장5길 20 쎈느,간편식/밀키트,실패(Low),37.543115,127.054326,4847,11,3.5,1.9,6.9,5.0,12506,3030829,115550000,-112519171,32830000,56950000,5340000,12100000,8330000,2025,3,2025-07-04,2025-07-13,10,718,1991,1386,519,190,43,10.8
서울 여의도,서울 영등포구 여의대로 108 더현대 서울 지하 1층,주류/음료,평균(Mid),37.525821,126.928473,17702,50,15.9,4.0,15.5,9.5,23908,40205844,103120000,-62914156,28760000,31720000,23490000,12800000,6350000,2024,3,2024-07-12,2024-07-21,10,167,9238,6631,1292,198,176,57.7
서울 강남/압구정,서울 강남구 영동대로 513 코엑스,간편식/밀키트,평균(Mid),37.512422,127.058888,12006,33,15.3,4.0,15.3,12.1,19010,27616321,135060000,-107443679,38350000,54940000,20130000,12200000,9440000,2025,3,2025-07-28,2025-08-06,10,1539,5547,3123,1180,501,116,73.7
서울 홍대/연남,서울 서대문구 연희로5길 22 연남장,베이커리/디저트,실패(Low),37.562844,126.928944,7015,7,9.3,2.2,3.1,2.7,14760,2795617,117890000,-115094383,37060000,49550000,11500000,13500000,6280000,2023,2,2023-04-30,2023-05-20,21,1476,3943,943,388,189,76,20.8
서울 성수동,서울 성동구 연무장5길 20 쎈느,베이커리/디저트,평균(Mid),37.542959,127.054257,15280,48,16.1,3.5,17.3,13.9,20355,43232391,139210000,-95977609,29750000,66500000,20560000,16000000,6400000,2024,2,2024-06-04,2024-06-24,21,2874,8392,2562,844,444,164,41.4
부산 해운대/서면,부산 수영구 민락수변로17번길 56 밀락더마켓,스낵/과자류,실패(Low),35.154307,129.126981,3358,16,3.3,3.0,8.4,5.7,14063,2691742,119370000,-116678258,35800000,51510000,7100000,16800000,8160000,2025,4,2025-10-04,2025-10-17,14,683,1785,523,200,126,41,10.9
대구 동성로,대구 중구 달구벌대로 2077 더현대 대구,라면/면류,평균(Mid),35.866613,128.590559,13338,52,18.4,4.1,15.3,12.7,19699,33368648,140160000,-106791352,58690000,42630000,15240000,14500000,9100000,2025,4,2025-12-11,2025-12-20,10,1937,6209,3386,1125,555,126,53.6
대구 동성로,대구 동구 동부로 149 신세계 대구,간편식/밀키트,성공(High),35.877824,128.628586,30279,148,43.9,4.6,35.6,30.4,36231,333499688,132380000,201119688,31020000,36380000,39830000,15000000,10150000,2024,4,2024-10-26,2024-11-15,21,4777,14680,6891,2575,1071,285,78.2
서울 홍대/연남,서울 마포구 어울마당로 65 상상마당,라면/면류,실패(Low),37.550906,126.921076,5405,10,10.8,2.2,8.2,4.4,14165,3368720,136700000,-133331280,45620000,62170000,6850000,13400000,8660000,2024,4,2024-12-09,2024-12-18,10,867,2631,1124,529,206,48,10.7
서울 강남/압구정,서울 강남구 압구정로46길 50 하우스 도산,스낵/과자류,성공(High),37.525082,127.035465,31582,149,54.5,4.7,44.7,26.6,32147,270060903,168530000,101530903,31870000,65930000,48720000,13400000,8610000,2025,1,2025-02-23,2025-03-04,10,5782,17071,5545,1854,984,346,90.1
서울 성수동,서울 성동구 연무장15길 11 에스팩토리 D동,베이커리/디저트,평균(Mid),37.540169,127.059517,16781,35,27.4,3.6,14.4,13.0,24676,53831434,128840000,-75008566,52140000,33680000,21630000,13700000,7690000,2025,3,2025-07-29,2025-08-11,14,2966,9707,2641,859,463,145,56.0
대구 동성로,대구 동구 동부로 149 신세계 대구,베이커리/디저트,평균(Mid),35.877658,128.628513,14183,46,15.6,4.0,18.4,11.5,22588,36842044,156830000,-119987956,51490000,51070000,29970000,16500000,7800000,2025,1,2025-02-27,2025-03-12,14,2913,7374,2412,935,404,145,50.1
서울 성수동,서울 성동구 뚝섬로13길 38 공간 와디즈,베이커리/디저트,실패(Low),37.544563,127.051765,4363,10,7.2,1.9,8.5,3.6,17298,2716962,139130000,-136413038,48710000,61380000,8480000,12800000,7760000,2025,3,2025-09-14,2025-10-04,21,1011,2283,603,269,155,42,35.2
서울 강남/압구정,서울 강남구 강남대로 426 일상비일상의틈,베이커리/디저트,성공(High),37.501366,127.026431,23794,145,46.7,4.8,38.4,34.1,37380,303292124,140250000,163042124,32350000,52340000,32720000,15000000,7840000,2025,3,2025-08-05,2025-08-14,10,4789,13505,3147,1460,656,237,77.3
서울 홍대/연남,서울 서대문구 연희로5길 22 연남장,간편식/밀키트,성공(High),37.563029,126.928849,24734,149,53.8,4.9,33.3,24.4,33969,205006176,173860000,31146176,45770000,59280000,44260000,16400000,8150000,2024,4,2024-10-01,2024-10-21,21,3909,11398,5494,2758,948,227,94.1
제주/서귀포,제주 서귀포시 안덕면 신화역사로304번길 38 신화월드,베이커리/디저트,성공(High),33.305946,126.316321,31744,152,49.9,4.6,31.3,24.9,34824,275257810,144160000,131097810,32250000,54490000,31810000,14200000,11410000,2025,2,2025-04-21,2025-05-04,14,5552,18189,5086,1652,969,296,81.3
서울 강남/압구정,서울 강남구 압구정로46길 50 하우스 도산,라면/면류,성공(High),37.525276,127.035416,23990,93,43.8,4.6,37.6,32.7,31250,245147812,168380000,76767812,55750000,48970000,41430000,15100000,7130000,2024,1,2024-03-30,2024-04-08,10,3841,9964,6486,2370,1110,219,92.8
서울 성수동,서울 성동구 뚝섬로13길 38 공간 와디즈,간편식/밀키트,평균(Mid),37.54449,127.051977,16012,44,23.4,3.9,20.4,14.7,18432,43384578,139810000,-96425422,36880000,47040000,29740000,17800000,8350000,2025,1,2025-02-24,2025-03-16,21,2331,6491,4598,1816,605,171,61.1
서울 홍대/연남,서울 마포구 어울마당로 65 상상마당,건강/비건식품,평균(Mid),37.550918,126.920972,14285,41,22.9,3.8,15.5,14.5,22325,46242330,147540000,-101297670,41100000,57570000,25160000,16100000,7610000,2023,4,2023-11-13,2023-11-26,14,799,1781,5892,4041,1282,490,68.9
부산 해운대/서면,부산 해운대구 센텀남대로 35 신세계 센텀시티,간편식/밀키트,실패(Low),35.168972,129.130247,3011,8,5.9,2.9,6.2,5.4,12513,2034538,118470000,-116435462,38120000,46780000,10960000,12600000,10010000,2025,3,2025-08-05,2025-08-14,10,494,1377,700,281,126,33,37.6
대구 동성로,대구 동구 동부로 149 신세계 대구,스낵/과자류,평균(Mid),35.87776,128.628609,10619,61,24.9,3.4,13.9,10.5,31433,35047637,127770000,-92722363,42720000,34460000,28270000,12800000,9520000,2025,1,2025-01-20,2025-02-19,31,2223,5937,1557,523,268,111,50.1
서울 성수동,서울 성동구 연무장15길 11 에스팩토리 D동,라면/면류,성공(High),37.540145,127.059538,24459,161,51.7,4.5,33.8,33.8,23389,193360184,155140000,38220184,30620000,54380000,42480000,17400000,10260000,2024,1,2024-01-28,2024-03-27,60,4176,10354,5938,2830,919,242,94.2
서울 강남/압구정,서울 강남구 강남대로 426 일상비일상의틈,건강/비건식품,성공(High),37.501604,127.026303,30973,150,39.5,4.7,34.7,34.5,39460,421657130,120100000,301557130,31050000,34470000,35010000,12900000,6670000,2025,4,2025-11-13,2025-12-03,21,1563,3911,12889,8480,3278,852,82.8
대구 동성로,대구 중구 달구벌대로 2077 더현대 대구,건강/비건식품,평균(Mid),35.866445,128.590741,11987,55,26.8,4.0,15.8,10.3,16123,19906439,142200000,-122293561,54270000,48650000,16990000,13900000,8390000,2025,1,2025-01-14,2025-01-27,14,535,1456,4723,3744,1183,346,53.5
서울 성수동,서울 성동구 연무장5길 20 쎈느,주류/음료,실패(Low),37.543068,127.05439,5972,12,4.1,2.2,4.4,5.9,12236,4311330,128010000,-123698670,33360000,55400000,14830000,15100000,9320000,2025,4,2025-10-12,2025-10-21,10,55,3328,2049,407,72,61,19.5
서울 성수동,서울 성동구 뚝섬로13길 38 공간 와디즈,라면/면류,평균(Mid),37.544605,127.051927,16296,25,19.2,3.5,13.2,13.6,21235,47062196,111030000,-63967804,35070000,38300000,15100000,15100000,7460000,2024,4,2024-11-18,2024-12-08,21,2581,7200,4190,1541,630,154,58.9
서울 여의도,서울 영등포구 여의대로 108 더현대 서울 지하 1층,라면/면류,성공(High),37.525722,126.928308,23235,137,45.5,4.7,41.0,34.0,35590,281157441,182870000,98287441,38180000,67350000,48990000,17800000,10550000,2025,1,2025-01-13,2025-01-26,14,3210,11308,5502,2019,983,213,78.1
서울 성수동,서울 성동구 연무장11길 13 플랜트란스 성수플래그십,라면/면류,성공(High),37.542881,127.056767,29542,126,39.6,4.6,40.5,33.5,33591,332435682,169670000,162765682,49760000,49490000,44310000,16400000,9710000,2025,1,2025-02-15,2025-02-24,10,4545,13684,7524,2572,915,302,86.1
서울 성수동,서울 성동구 연무장11길 13 플랜트란스 성수플래그십,베이커리/디저트,평균(Mid),37.542868,127.056978,17635,44,27.1,3.7,21.9,8.7,12236,18773021,113940000,-95166979,28380000,36870000,23400000,15500000,9790000,2025,4,2025-11-14,2025-11-27,14,3144,10073,2745,1066,452,155,59.0
대구 동성로,대구 중구 달구벌대로 2077 더현대 대구,건강/비건식품,평균(Mid),35.866355,128.590566,13337,57,27.5,4.0,16.5,14.6,26367,51341875,133490000,-82148125,50450000,35080000,20690000,15400000,11870000,2025,2,2025-06-17,2025-06-26,10,753,1545,4908,4157,1541,433,66.7
서울 성수동,서울 성동구 연무장11길 13 플랜트란스 성수플래그십,스낵/과자류,실패(Low),37.542874,127.057012,5460,12,3.0,2.7,9.8,5.9,12520,4033192,140860000,-136826808,49590000,54200000,10080000,17200000,9790000,2024,2,2024-05-04,2024-06-17,45,1175,2784,893,396,154,58,33.3
서울 홍대/연남,서울 마포구 홍익로 25 T팩토리,스낵/과자류,실패(Low),37.55613,126.923522,4491,8,10.1,2.3,8.2,3.8,9283,1584218,136400000,-134815782,39360000,62330000,9570000,15600000,9540000,2025,4,2025-10-06,2025-10-15,10,932,2469,665,266,120,39,22.3
서울 홍대/연남,서울 마포구 어울마당로 65 상상마당,건강/비건식품,성공(High),37.551015,126.920981,25878,135,41.4,4.6,42.2,30.6,28287,223995361,150470000,73525361,29550000,52660000,43080000,16900000,8280000,2025,4,2025-11-28,2025-12-18,21,1288,3093,10472,7951,2366,708,81.0
부산 해운대/서면,부산 해운대구 센텀남대로 35 신세계 센텀시티,베이커리/디저트,평균(Mid),35.168933,129.130224,13148,32,27.2,3.7,14.6,13.7,19839,35735514,125430000,-89694486,43040000,38060000,18160000,17400000,8770000,2025,4,2025-12-08,2025-12-21,14,2703,7128,1973,810,416,118,49.1
대구 동성로,대구 중구 달구벌대로 2077 더현대 대구,베이커리/디저트,평균(Mid),35.866448,128.590638,17558,47,15.5,3.8,21.7,13.6,19850,47399576,135140000,-87740424,40210000,50210000,21700000,15600000,7420000,2025,4,2025-10-16,2025-10-29,14,3672,9214,2928,985,566,193,46.8
제주/서귀포,제주 서귀포시 성산읍 동류암로 20 플레이스 캠프,베이커리/디저트,평균(Mid),33.450603,126.919949,17220,38,27.3,4.2,16.2,14.9,24069,61755758,129140000,-67384242,28340000,54780000,18760000,15700000,11560000,2024,2,2024-05-19,2024-06-08,21,3305,9977,2276,912,581,169,42.0
서울 성수동,서울 성동구 연무장5길 20 쎈느,라면/면류,성공(High),37.543078,127.054288,22017,97,46.3,4.8,37.9,23.5,28241,146118792,156680000,-10561208,53220000,36560000,43340000,16300000,7260000,2022,1,2022-01-11,2022-01-24,14,2938,9992,5961,2018,915,193,81.8
서울 성수동,서울 성동구 연무장15길 11 에스팩토리 D동,라면/면류,평균(Mid),37.540188,127.059629,10394,44,21.5,3.9,20.7,10.2,18140,19231810,139240000,-120008190,50980000,50390000,19490000,12100000,6280000,2024,4,2024-12-10,2025-02-07,60,1356,4744,2642,1087,446,119,49.5
서울 여의도,서울 영등포구 국제금융로 10 IFC몰 L3,스낵/과자류,실패(Low),37.525051,126.925287,3658,11,8.6,2.1,4.3,2.5,10687,977326,105850000,-104872674,29870000,39530000,11300000,17700000,7450000,2025,3,2025-08-07,2025-08-27,21,751,1945,610,209,110,33,37.1
서울 성수동,서울 성동구 뚝섬로13길 38 공간 와디즈,스낵/과자류,성공(High),37.544717,127.051988,27438,170,53.2,4.8,48.8,34.7,30970,294864936,164230000,130634936,40360000,49320000,47710000,17600000,9240000,2025,3,2025-09-19,2025-10-19,31,4420,16142,4255,1637,752,232,86.2
서울 성수동,서울 성동구 연무장5길 20 쎈느,간편식/밀키트,성공(High),37.542951,127.054393,27706,154,44.9,4.8,41.6,32.6,31790,287132239,139000000,148132239,27040000,57740000,33720000,13800000,6700000,2025,4,2025-11-16,2025-12-16,31,3874,11986,7305,3065,1207,269,81.9
서울 강남/압구정,서울 강남구 영동대로 513 코엑스,라면/면류,평균(Mid),37.512453,127.058874,8166,38,16.3,3.8,14.4,12.3,22606,22705873,114460000,-91754127,33660000,41190000,20670000,12500000,6440000,2025,1,2025-03-15,2025-03-28,14,1315,3721,1961,797,301,71,60.3
서울 강남/압구정,서울 강남구 강남대로 426 일상비일상의틈,라면/면류,평균(Mid),37.501491,127.026516,10503,81,23.6,3.4,14.7,9.2,21604,20875426,159260000,-138384574,56910000,47440000,28180000,15800000,10930000,2025,3,2025-07-25,2025-08-24,31,1548,5230,2304,955,373,93,44.9
서울 홍대/연남,서울 서대문구 연희로5길 22 연남장,주류/음료,평균(Mid),37.562759,126.928817,7352,36,20.0,3.5,18.1,11.6,22842,19480388,133230000,-113749612,58110000,30170000,17020000,17400000,10530000,2024,1,2024-03-31,2024-04-09,10,79,4193,2495,442,72,71,55.5
부산 해운대/서면,부산 수영구 민락수변로17번길 56 밀락더마켓,라면/면류,성공(High),35.154187,129.126984,27844,159,42.1,4.6,33.7,23.6,35936,236142068,157030000,79112068,51930000,31770000,47810000,16000000,9520000,2025,3,2025-07-09,2025-07-18,10,3874,12628,6940,2963,1192,247,87.5
서울 홍대/연남,서울 서대문구 연희로5길 22 연남장,간편식/밀키트,평균(Mid),37.562946,126.928904,13563,71,17.9,3.5,14.4,12.2,17404,28798155,130350000,-101551845,38470000,43250000,24600000,12200000,11830000,2023,1,2023-01-06,2023-01-15,10,1914,6191,3317,1467,555,119,57.1
서울 홍대/연남,서울 마포구 홍익로 25 T팩토리,베이커리/디저트,평균(Mid),37.556196,126.923384,12280,61,19.8,3.9,21.8,12.2,16303,24424502,161570000,-137145498,55250000,60810000,21250000,15200000,9060000,2025,1,2025-03-26,2025-04-08,14,2178,7171,1609,769,425,128,54.1
서울 성수동,서울 성동구 연무장11길 13 플랜트란스 성수플래그십,베이커리/디저트,성공(High),37.54271,127.056998,31557,90,52.8,4.4,31.4,24.3,29913,229383383,158480000,70903383,50650000,43560000,36600000,18000000,9670000,2025,1,2025-01-30,2025-02-12,14,5983,17755,4585,1883,1052,299,94.9
부산 해운대/서면,부산 수영구 민락수변로17번길 56 밀락더마켓,베이커리/디저트,실패(Low),35.154129,129.127196,5295,6,3.8,2.1,8.0,5.2,11388,3135571,121820000,-118684429,52510000,34570000,11300000,12700000,10740000,2025,3,2025-08-07,2025-08-16,10,1129,3058,676,259,131,42,34.6
서울 강남/압구정,서울 강남구 영동대로 513 코엑스,라면/면류,성공(High),37.512573,127.05886,35536,118,43.2,4.9,33.6,28.7,32060,326974553,169770000,157204553,50590000,56130000,40450000,15300000,7300000,2024,4,2024-10-11,2024-11-10,31,4819,17363,7968,3459,1614,313,87.5
부산 해운대/서면,부산 해운대구 센텀남대로 35 신세계 센텀시티,주류/음료,실패(Low),35.16891,129.130106,4003,12,11.9,2.0,5.5,5.2,13309,2770348,122840000,-120069652,54060000,35360000,9070000,13600000,10750000,2025,3,2025-07-30,2025-08-12,14,47,2211,1333,319,45,48,25.9
서울 여의도,서울 영등포구 국제금융로 10 IFC몰 L3,베이커리/디저트,평균(Mid),37.52518,126.925443,14095,47,21.4,3.9,18.5,14.0,20819,41082132,131450000,-90367868,41100000,49980000,21600000,12700000,6070000,2025,4,2025-10-13,2025-10-22,10,2869,8043,1879,726,432,146,61.7
서울 성수동,서울 성동구 연무장15길 11 에스팩토리 D동,건강/비건식품,실패(Low),37.54022,127.059615,5943,6,4.3,2.7,7.3,1.3,14509,1120950,107180000,-106059050,36280000,42250000,5900000,13900000,8850000,2025,2,2025-05-19,2025-06-01,14,337,686,2256,1906,559,199,15.6
부산 해운대/서면,부산 해운대구 센텀남대로 35 신세계 센텀시티,주류/음료,평균(Mid),35.168836,129.130074,12650,46,24.0,3.6,19.3,15.4,24536,47798581,150750000,-102951419,47200000,59980000,18460000,15400000,9710000,2024,2,2024-05-06,2024-05-15,10,137,6669,4663,933,109,139,53.8
서울 홍대/연남,서울 마포구 어울마당로 65 상상마당,베이커리/디저트,평균(Mid),37.550917,126.920878,14398,22,19.9,3.4,14.2,9.4,26974,36506935,155600000,-119093065,36630000,68590000,28430000,13100000,8850000,2024,4,2024-11-28,2024-12-28,31,2745,8275,1944,920,397,117,41.4
서울 성수동,서울 성동구 연무장11길 13 플랜트란스 성수플래그십,베이커리/디저트,평균(Mid),37.542824,127.056792,12512,41,24.3,3.7,20.1,9.3,22582,26276776,131540000,-105263224,48300000,41140000,17770000,17500000,6830000,2025,2,2025-06-21,2025-06-30,10,2920,6282,1847,887,443,133,56.6
서울 여의도,서울 영등포구 여의대로 108 더현대 서울 지하 1층,베이커리/디저트,성공(High),37.525732,126.928341,23875,127,45.3,4.5,41.9,33.6,34588,277464936,174390000,103074936,51530000,59350000,37800000,14300000,11410000,2023,4,2023-11-16,2024-01-14,60,5017,13068,3395,1374,761,260,85.9
서울 성수동,서울 성동구 연무장15길 11 에스팩토리 D동,베이커리/디저트,평균(Mid),37.540257,127.059592,10389,52,23.7,3.5,21.3,13.0,26502,35792806,161220000,-125427194,43090000,62640000,28830000,17200000,9460000,2024,1,2024-01-21,2024-02-20,31,2166,5955,1311,597,259,101,48.0
서울 강남/압구정,서울 강남구 영동대로 513 코엑스,라면/면류,실패(Low),37.512354,127.058727,4082,6,5.4,2.6,9.1,5.1,16089,3349440,152260000,-148910560,53250000,62860000,9070000,16300000,10780000,2025,4,2025-11-17,2025-11-26,10,588,2004,952,353,142,43,37.0
서울 성수동,서울 성동구 뚝섬로13길 38 공간 와디즈,베이커리/디저트,성공(High),37.544657,127.051888,36302,127,42.6,4.9,42.6,29.7,30399,327752715,139380000,188372715,40000000,34440000,37900000,18000000,9040000,2025,1,2025-02-15,2025-02-24,10,8142,19038,5162,2501,1028,431,93.2
서울 강남/압구정,서울 강남구 압구정로46길 50 하우스 도산,라면/면류,성공(High),37.52516,127.035443,31465,136,43.6,4.7,31.1,26.3,36867,305085300,152890000,152195300,29630000,52490000,44440000,16200000,10130000,2023,4,2023-10-27,2023-12-10,45,5364,13251,7371,3859,1296,324,89.4
서울 여의도,서울 영등포구 여의대로 108 더현대 서울 지하 1층,베이커리/디저트,실패(Low),37.525679,126.928436,6040,11,7.8,2.7,6.0,2.0,14233,1719346,104270000,-102550654,34830000,34290000,14630000,12600000,7920000,2025,3,2025-09-24,2025-10-14,21,1183,3375,930,349,156,47,24.9
서울 홍대/연남,서울 서대문구 연희로5길 22 연남장,스낵/과자류,성공(High),37.56278,126.928885,25470,123,53.4,4.6,31.2,28.1,35422,253517733,131660000,121857733,39930000,36740000,33050000,13700000,8240000,2025,4,2025-11-04,2025-11-24,21,5374,13884,3637,1670,657,248,92.4
제주/서귀포,제주 서귀포시 안덕면 신화역사로304번길 38 신화월드,베이커리/디저트,성공(High),33.306128,126.316344,24742,156,54.9,4.6,40.3,20.4,29888,150855734,196370000,-45514266,59620000,69230000,43780000,12400000,11340000,2025,1,2025-03-31,2025-04-20,21,4513,14408,3438,1405,702,276,77.6
대구 동성로,대구 중구 달구벌대로 2077 더현대 대구,라면/면류,성공(High),35.866379,128.590609,28919,148,48.2,4.8,43.1,28.4,29905,245609645,155090000,90519645,27910000,51170000,46170000,17900000,11940000,2025,3,2025-09-26,2025-10-05,10,4429,12683,7827,2646,1029,305,90.8
대구 동성로,대구 중구 달구벌대로 2077 더현대 대구,주류/음료,평균(Mid),35.866395,128.590717,11858,35,20.5,3.8,18.1,11.9,16295,22993907,141770000,-118776093,25700000,59780000,27880000,16600000,11810000,2024,4,2024-10-10,2024-10-23,14,105,7184,3426,916,99,128,44.4
서울 여의도,서울 영등포구 여의대로 108 더현대 서울 지하 1층,베이커리/디저트,평균(Mid),37.525742,126.928471,14170,45,20.4,3.4,16.8,14.8,19333,40544394,146400000,-105855606,50150000,44230000,29840000,14600000,7580000,2025,3,2025-09-16,2025-09-25,10,2673,8368,1734,808,454,133,67.8
서울 강남/압구정,서울 강남구 강남대로 426 일상비일상의틈,라면/면류,평균(Mid),37.501545,127.026262,11461,46,23.8,4.0,16.0,14.7,22396,37732041,157580000,-119847959,36510000,68420000,26700000,14000000,11950000,2025,3,2025-09-20,2025-10-20,31,1726,5276,2731,1150,454,124,49.7
부산 해운대/서면,부산 해운대구 센텀남대로 35 신세계 센텀시티,주류/음료,평균(Mid),35.168861,129.130096,8652,45,17.0,3.6,18.7,11.6,19191,19260701,139200000,-119939299,26220000,69130000,22580000,14200000,7070000,2024,4,2024-10-22,2024-11-11,21,73,4367,3376,664,84,88,70.7
서울 여의도,서울 영등포구 여의대로 108 더현대 서울 지하 1층,스낵/과자류,평균(Mid),37.525754,126.928516,12445,44,26.6,3.6,15.5,12.5,18685,29066853,159990000,-130923147,54040000,67950000,15780000,12700000,9520000,2025,3,2025-09-07,2025-09-20,14,2497,6668,1985,767,411,117,73.0
제주/서귀포,제주 서귀포시 안덕면 신화역사로304번길 38 신화월드,건강/비건식품,평균(Mid),33.306016,126.316482,12160,38,18.5,3.7,22.0,12.0,23348,34069401,147290000,-113220599,37520000,60640000,19150000,18000000,11980000,2024,3,2024-08-01,2024-08-10,10,662,1594,4914,3516,1093,381,45.2
서울 홍대/연남,서울 마포구 홍익로 25 T팩토리,베이커리/디저트,실패(Low),37.556232,126.923475,2032,8,7.5,2.5,3.6,3.4,13609,940218,157040000,-156099782,59520000,59950000,13190000,16800000,7580000,2024,3,2024-07-21,2024-08-03,14,436,1020,348,136,70,22,23.0
서울 성수동,서울 성동구 연무장11길 13 플랜트란스 성수플래그십,라면/면류,성공(High),37.542849,127.05691,32844,118,48.2,4.8,34.1,31.0,26756,272419959,173390000,99029959,43710000,57790000,48250000,15400000,8240000,2024,4,2024-11-29,2024-12-12,14,4943,13989,9001,3537,1101,273,94.6
서울 홍대/연남,서울 마포구 홍익로 25 T팩토리,라면/면류,평균(Mid),37.556206,126.923442,14438,27,21.6,3.9,15.1,12.2,25005,44044707,163680000,-119635293,59950000,55050000,21880000,17400000,9400000,2021,1,2021-02-18,2021-04-18,60,1961,6680,3891,1216,559,131,56.9
서울 강남/압구정,서울 강남구 압구정로46길 50 하우스 도산,베이커리/디저트,실패(Low),37.525166,127.035448,2936,7,7.7,2.5,7.5,3.2,12662,1189620,125050000,-123860380,32500000,54540000,14640000,17100000,6270000,2025,2,2025-05-05,2025-05-25,21,610,1622,442,159,78,25,34.2
부산 해운대/서면,부산 수영구 민락수변로17번길 56 밀락더마켓,베이커리/디저트,성공(High),35.154052,129.127011,34033,92,53.1,4.4,32.9,31.3,29092,309897555,137610000,172287555,35680000,30200000,44300000,15900000,11530000,2025,4,2025-12-11,2026-01-10,31,5560,19567,5262,2213,1105,326,86.8
서울 성수동,서울 성동구 연무장5길 20 쎈느,라면/면류,평균(Mid),37.542857,127.054368,13445,55,17.7,3.8,13.2,9.8,23081,30411756,114390000,-83978244,34630000,39130000,18250000,12500000,9880000,2025,4,2025-10-29,2025-11-11,14,2001,6297,3410,1141,486,110,53.1
부산 해운대/서면,부산 해운대구 센텀남대로 35 신세계 센텀시티,라면/면류,평균(Mid),35.169025,129.13025,11584,54,27.7,4.0,20.8,14.9,17425,30075828,121430000,-91354172,34480000,45590000,16300000,17300000,7760000,2023,3,2023-09-26,2023-10-05,10,1935,5269,2607,1194,470,109,50.0
서울 성수동,서울 성동구 뚝섬로13길 38 공간 와디즈,스낵/과자류,평균(Mid),37.544676,127.051966,17124,34,16.5,4.1,19.9,8.0,24516,33584958,107850000,-74265042,31700000,30740000,24320000,13900000,7190000,2025,3,2025-08-11,2025-08-31,21,2991,9784,2553,1098,511,187,47.1
서울 홍대/연남,서울 마포구 홍익로 25 T팩토리,라면/면류,실패(Low),37.556284,126.923515,3326,7,2.2,2.5,9.8,3.8,11113,1404549,127410000,-126005451,57010000,39100000,5510000,14700000,11090000,2025,2,2025-04-08,2025-04-28,21,492,1479,898,314,115,28,31.3
서울 성수동,서울 성동구 연무장5길 20 쎈느,라면/면류,평균(Mid),37.54286,127.054161,13484,30,16.7,3.7,19.1,11.3,20467,31185404,139280000,-108094596,27050000,59230000,28700000,14200000,10100000,2025,2,2025-04-30,2025-05-13,14,2117,6112,3478,1198,467,112,53.5
서울 여의도,서울 영등포구 여의대로 108 더현대 서울 지하 1층,베이커리/디저트,실패(Low),37.52573,126.92845,3238,11,2.2,2.6,4.5,2.5,16253,1315680,136290000,-134974320,56510000,52270000,5990000,13900000,7620000,2024,3,2024-07-05,2024-08-04,31,617,1822,469,190,109,31,24.3
부산 해운대/서면,부산 해운대구 센텀남대로 35 신세계 센텀시티,라면/면류,성공(High),35.168767,129.130129,31429,112,40.0,4.5,40.7,22.6,33696,239341137,129720000,109621137,40400000,37420000,30700000,12300000,8900000,2024,2,2024-05-11,2024-05-31,21,4550,14748,7317,3131,1340,343,84.8
제주/서귀포,제주 서귀포시 안덕면 신화역사로304번길 38 신화월드,건강/비건식품,평균(Mid),33.305893,126.316533,8424,41,17.6,3.4,15.5,15.5,26154,34149800,134790000,-100640200,38300000,47740000,24530000,15500000,8720000,2025,3,2025-08-21,2025-09-03,14,380,1151,3394,2367,840,292,60.2
서울 강남/압구정,서울 강남구 영동대로 513 코엑스,베이커리/디저트,성공(High),37.512431,127.058852,23058,155,45.6,4.5,35.5,32.9,32324,245212514,150100000,95112514,26880000,50080000,48930000,17300000,6910000,2025,1,2025-02-04,2025-02-17,14,4755,12432,3717,1318,624,212,92.3
제주/서귀포,제주 서귀포시 안덕면 신화역사로304번길 38 신화월드,건강/비건식품,평균(Mid),33.305949,126.316528,16001,36,23.9,3.5,12.5,12.9,27408,56573647,140760000,-84186353,31110000,54940000,28650000,14200000,11860000,2024,4,2024-10-09,2024-10-18,10,756,1829,6069,5321,1539,487,74.3
서울 강남/압구정,서울 강남구 영동대로 513 코엑스,간편식/밀키트,실패(Low),37.512633,127.058784,2643,11,4.9,2.0,7.7,4.0,11808,1248341,112360000,-111111659,40530000,34220000,11350000,17000000,9260000,2025,4,2025-10-28,2025-11-06,10,438,1166,686,235,95,23,21.4
대구 동성로,대구 동구 동부로 149 신세계 대구,라면/면류,실패(Low),35.877722,128.628443,5515,8,5.0,2.5,3.4,3.6,11266,2236751,140870000,-138633249,45420000,60560000,12450000,15600000,6840000,2024,4,2024-12-12,2024-12-21,10,815,2535,1362,529,214,60,33.2
제주/서귀포,제주 서귀포시 안덕면 신화역사로304번길 38 신화월드,라면/면류,평균(Mid),33.306082,126.316476,12195,33,27.1,3.6,18.1,14.4,20735,36412318,147910000,-111497682,47580000,49980000,29350000,14000000,7000000,2025,3,2025-09-30,2025-10-20,21,1720,5429,3147,1329,433,137,66.8
대구 동성로,대구 중구 동성로6길 61 스파크,베이커리/디저트,실패(Low),35.869709,128.595564,3856,17,2.2,2.3,5.1,4.3,14960,2480487,129280000,-126799513,31850000,64700000,6840000,15200000,10690000,2025,2,2025-05-11,2025-05-24,14,836,1934,671,272,105,38,26.1
서울 홍대/연남,서울 마포구 홍익로 25 T팩토리,라면/면류,성공(High),37.556265,126.923276,26611,135,53.6,4.9,45.5,26.1,29889,207593182,164380000,43213182,56560000,32480000,49500000,15800000,10040000,2025,4,2025-10-28,2025-11-10,14,4301,12698,5944,2397,1010,261,94.1
제주/서귀포,제주 서귀포시 성산읍 동류암로 20 플레이스 캠프,건강/비건식품,실패(Low),33.450699,126.920077,5945,8,2.2,3.0,8.1,1.7,9446,954659,138390000,-137435341,52480000,51690000,13140000,14100000,6980000,2025,4,2025-12-03,2026-01-02,31,308,686,2355,1918,513,165,15.6
부산 해운대/서면,부산 해운대구 센텀남대로 35 신세계 센텀시티,베이커리/디저트,평균(Mid),35.168752,129.130052,12942,50,22.0,3.5,21.1,9.5,22810,28044666,147150000,-119105334,54440000,46910000,21870000,12600000,11330000,2025,2,2025-05-21,2025-05-30,10,2561,7405,1811,729,318,118,43.8
제주/서귀포,제주 서귀포시 성산읍 동류암로 20 플레이스 캠프,간편식/밀키트,평균(Mid),33.45063,126.919919,18799,49,26.7,3.6,16.2,12.8,18717,45038193,146110000,-101071807,57310000,37220000,29080000,13800000,8700000,2025,4,2025-11-28,2025-12-11,14,3031,8311,4656,1927,685,189,69.9
서울 성수동,서울 성동구 연무장5길 20 쎈느,베이커리/디저트,실패(Low),37.542948,127.054279,6195,21,6.7,2.7,5.0,4.9,16226,4925483,124140000,-119214517,57650000,35240000,10740000,12600000,7910000,2025,4,2025-10-19,2025-11-08,21,1197,3417,871,439,202,69,22.3
서울 성수동,서울 성동구 뚝섬로13길 38 공간 와디즈,라면/면류,성공(High),37.544504,127.051849,28751,135,53.2,4.5,43.0,28.0,27435,220859431,181600000,39259431,47170000,65360000,46880000,14500000,7690000,2025,4,2025-11-03,2025-11-12,10,4760,13133,6395,2952,1198,313,91.9
서울 홍대/연남,서울 마포구 어울마당로 65 상상마당,건강/비건식품,성공(High),37.55099,126.92091,23387,100,49.3,4.7,45.0,32.2,31938,240512749,163200000,77312749,41010000,64120000,30770000,15300000,12000000,2025,4,2025-10-18,2025-10-27,10,1203,2618,9186,7065,2563,752,92.9
서울 성수동,서울 성동구 뚝섬로13길 38 공간 와디즈,주류/음료,성공(High),37.544461,127.051943,27854,149,45.9,4.8,34.1,29.0,35908,290052615,175410000,114642615,41010000,63920000,49600000,14400000,6480000,2025,3,2025-08-01,2025-08-10,10,246,16208,9286,1658,226,230,76.2
서울 성수동,서울 성동구 연무장11길 13 플랜트란스 성수플래그십,스낵/과자류,성공(High),37.542723,127.0569,32582,125,40.1,4.5,37.8,23.5,28940,221586923,155840000,65746923,40060000,46400000,47360000,13200000,8820000,2023,3,2023-09-10,2023-09-23,14,6622,17706,4871,2012,970,401,92.7
서울 여의도,서울 영등포구 국제금융로 10 IFC몰 L3,라면/면류,성공(High),37.525125,126.925294,30042,147,47.4,4.7,45.2,30.5,29432,269679823,141380000,128299823,35180000,50240000,31970000,16300000,7690000,2025,4,2025-12-08,2026-01-07,31,3990,13794,7403,3484,1076,295,84.0
제주/서귀포,제주 서귀포시 성산읍 동류암로 20 플레이스 캠프,라면/면류,성공(High),33.450836,126.919899,27303,168,47.9,4.8,47.7,30.2,30327,250061460,170700000,79361460,50150000,51020000,48100000,12600000,8830000,2024,4,2024-11-03,2024-12-03,31,4312,12582,6899,2337,908,265,85.2
서울 성수동,서울 성동구 뚝섬로13길 38 공간 와디즈,라면/면류,평균(Mid),37.544507,127.051975,9104,37,18.3,3.5,14.4,13.8,21213,26650994,159450000,-132799006,51000000,61580000,22180000,12900000,11790000,2025,1,2025-03-16,2025-04-05,21,1499,4054,2261,827,383,80,61.9
서울 여의도,서울 영등포구 여의대로 108 더현대 서울 지하 1층,베이커리/디저트,평균(Mid),37.525853,126.928263,11446,55,20.7,3.6,15.5,14.4,24933,41095168,140460000,-99364832,58070000,39860000,19300000,13600000,9630000,2023,1,2023-02-24,2023-04-09,45,2236,6347,1775,653,313,122,72.4
서울 여의도,서울 영등포구 국제금융로 10 IFC몰 L3,베이커리/디저트,평균(Mid),37.525013,126.925294,8939,26,26.5,3.7,18.5,8.1,25163,18219496,130380000,-112160504,42040000,48470000,21480000,12200000,6190000,2025,2,2025-06-14,2025-07-04,21,1702,5119,1222,542,275,79,40.7
부산 해운대/서면,부산 수영구 민락수변로17번길 56 밀락더마켓,스낵/과자류,평균(Mid),35.154241,129.127053,11823,42,16.0,3.7,21.2,14.3,24671,41710988,163710000,-121999012,55040000,54900000,29840000,16300000,7630000,2023,4,2023-11-21,2023-12-04,14,2449,6303,1678,886,366,141,56.7
대구 동성로,대구 동구 동부로 149 신세계 대구,건강/비건식품,실패(Low),35.877727,128.628353,4986,9,5.5,1.8,8.6,4.1,15581,3185161,96230000,-93044839,25620000,40420000,6240000,12100000,11850000,2025,4,2025-11-16,2025-12-16,31,222,606,2065,1478,475,140,29.3
서울 강남/압구정,서울 강남구 압구정로46길 50 하우스 도산,건강/비건식품,평균(Mid),37.525183,127.035533,9222,71,21.2,3.8,18.1,11.7,23371,25216701,122870000,-97653299,40380000,41450000,17670000,14900000,8470000,2024,2,2024-04-29,2024-05-19,21,406,1151,3734,2904,754,273,65.3
서울 여의도,서울 영등포구 국제금융로 10 IFC몰 L3,라면/면류,평균(Mid),37.52504,126.925429,9945,45,20.3,4.2,13.6,13.0,27251,35231455,144430000,-109198545,55030000,44710000,18380000,16100000,10210000,2025,3,2025-07-18,2025-08-07,21,1771,4244,2269,1119,427,115,64.2
서울 성수동,서울 성동구 뚝섬로13길 38 공간 와디즈,간편식/밀키트,평균(Mid),37.544516,127.052027,15090,39,27.3,3.6,16.4,11.4,25647,44119508,146960000,-102840492,34500000,61060000,22910000,17100000,11390000,2023,2,2023-06-05,2023-07-19,45,2043,7482,3476,1373,549,167,44.7
제주/서귀포,제주 서귀포시 성산읍 동류암로 20 플레이스 캠프,주류/음료,평균(Mid),33.450722,126.919942,14054,50,15.9,3.8,15.2,9.8,22099,30436775,120120000,-89683225,26880000,40200000,29930000,14600000,8510000,2025,4,2025-12-03,2025-12-16,14,148,7799,4720,1097,136,154,50.5
서울 강남/압구정,서울 강남구 영동대로 513 코엑스,라면/면류,평균(Mid),37.512376,127.058804,4899,45,17.4,4.1,21.9,12.7,22247,13841482,132760000,-118918518,33960000,54390000,17670000,15100000,11640000,2025,4,2025-10-12,2025-10-21,10,740,2178,1242,473,216,50,52.6
대구 동성로,대구 중구 달구벌대로 2077 더현대 대구,라면/면류,평균(Mid),35.866449,128.590569,10430,38,15.8,3.8,12.5,12.3,18472,23697544,158510000,-134812456,49930000,56690000,22610000,18000000,11280000,2025,4,2025-10-07,2025-10-16,10,1384,5056,2420,1016,450,104,68.2
서울 여의도,서울 영등포구 국제금융로 10 IFC몰 L3,베이커리/디저트,실패(Low),37.525211,126.925548,1550,10,8.0,2.6,6.4,4.6,17137,1221868,145780000,-144558132,55450000,51640000,14220000,16900000,7570000,2025,3,2025-07-15,2025-07-28,14,261,920,230,84,39,16,17.8
부산 해운대/서면,부산 수영구 민락수변로17번길 56 밀락더마켓,베이커리/디저트,성공(High),35.154079,129.126958,23195,140,51.1,4.5,48.5,24.1,27190,151991964,131770000,20221964,37480000,32140000,40680000,14200000,7270000,2025,3,2025-07-20,2025-08-09,21,4657,12487,3770,1465,604,212,79.2
서울 성수동,서울 성동구 연무장11길 13 플랜트란스 성수플래그십,라면/면류,성공(High),37.542856,127.056814,26901,93,49.0,4.8,30.9,33.4,24946,224138163,128870000,95268163,28150000,46120000,31020000,14400000,9180000,2025,2,2025-06-20,2025-07-20,31,3757,13082,5825,2766,1169,302,94.1
서울 성수동,서울 성동구 뚝섬로13길 38 공간 와디즈,라면/면류,실패(Low),37.544625,127.051839,3089,6,4.6,1.9,8.5,1.5,9267,429386,115070000,-114640614,32430000,49760000,6790000,15100000,10990000,2025,1,2025-01-21,2025-01-30,10,436,1504,674,337,108,30,10.2
대구 동성로,대구 중구 동성로6길 61 스파크,라면/면류,평균(Mid),35.869803,128.595561,11882,48,23.7,3.8,21.7,8.5,19839,20036794,148090000,-128053206,47420000,54520000,18390000,16900000,10860000,2025,4,2025-11-24,2025-12-07,14,2032,5008,2856,1326,530,130,74.9
서울 성수동,서울 성동구 연무장15길 11 에스팩토리 D동,라면/면류,실패(Low),37.540216,127.05953,3462,13,6.4,2.7,6.8,3.1,15067,1617020,145670000,-144052980,43300000,66390000,9170000,15300000,11510000,2025,4,2025-10-09,2025-10-22,14,556,1596,810,334,127,39,29.0
서울 성수동,서울 성동구 연무장5길 20 쎈느,주류/음료,평균(Mid),37.542924,127.054265,13188,51,21.0,4.1,15.7,14.9,23395,45971455,130920000,-84948545,43530000,38910000,24640000,15100000,8740000,2025,4,2025-11-19,2025-11-28,10,137,7119,4616,1059,120,137,69.0
서울 성수동,서울 성동구 연무장5길 20 쎈느,라면/면류,성공(High),37.543085,127.054168,25287,160,49.2,4.9,49.2,21.7,35996,197520094,163960000,33560094,54480000,44210000,46310000,12000000,6960000,2025,4,2025-11-18,2025-11-27,10,3816,11810,5431,2823,1148,259,80.9
제주/서귀포,제주 서귀포시 안덕면 신화역사로304번길 38 신화월드,주류/음료,실패(Low),33.306126,126.316277,3793,3,7.9,2.9,9.9,2.7,11628,1190835,162650000,-161459165,57230000,67270000,12500000,15200000,10450000,2024,3,2024-09-15,2024-09-28,14,37,2166,1299,219,36,36,10.4
대구 동성로,대구 중구 동성로6길 61 스파크,라면/면류,성공(High),35.869715,128.595744,29726,123,39.4,4.6,30.4,22.9,22421,152625441,170300000,-17674559,28320000,68670000,48950000,12900000,11460000,2025,4,2025-11-29,2025-12-29,31,4064,13362,7835,3127,1093,245,89.8
대구 동성로,대구 중구 달구벌대로 2077 더현대 대구,스낵/과자류,성공(High),35.866361,128.590745,30843,134,48.8,4.7,41.1,31.0,32200,307874826,111480000,196394826,29710000,30430000,31420000,12800000,7120000,2024,4,2024-12-07,2024-12-20,14,6548,17319,3805,1931,953,287,91.7
제주/서귀포,제주 서귀포시 성산읍 동류암로 20 플레이스 캠프,라면/면류,성공(High),33.45071,126.920049,24333,144,39.0,4.6,44.4,28.2,33257,228206407,164700000,63506407,41520000,63110000,36490000,16800000,6780000,2023,4,2023-11-02,2023-12-02,31,3930,11126,5523,2424,1113,217,89.8
서울 여의도,서울 영등포구 여의대로 108 더현대 서울 지하 1층,라면/면류,실패(Low),37.525939,126.928483,5851,10,11.2,2.9,3.5,3.4,14604,2905232,144750000,-141844768,43550000,69330000,12860000,12200000,6810000,2025,2,2025-06-10,2025-06-30,21,841,2574,1491,664,225,56,14.0
서울 강남/압구정,서울 강남구 영동대로 513 코엑스,라면/면류,실패(Low),37.512552,127.058937,2619,15,8.5,1.9,4.7,1.6,13148,550953,129580000,-129029047,37880000,59440000,9580000,15200000,7480000,2025,3,2025-07-02,2025-07-15,14,431,1189,615,264,96,24,31.1
서울 여의도,서울 영등포구 여의대로 108 더현대 서울 지하 1층,라면/면류,성공(High),37.525731,126.928517,30809,124,44.5,4.5,39.4,31.1,30767,294797056,155020000,139777056,31700000,57880000,41910000,17000000,6530000,2024,1,2024-03-28,2024-05-26,60,4540,13297,8513,2903,1241,315,90.4
대구 동성로,대구 중구 동성로6길 61 스파크,건강/비건식품,성공(High),35.869895,128.595622,33283,100,53.3,4.9,43.7,32.2,30917,331341384,169560000,161781384,36680000,64500000,49630000,12700000,6050000,2025,4,2025-10-15,2025-11-28,45,1435,4232,12147,11479,3007,983,88.2
서울 성수동,서울 성동구 연무장5길 20 쎈느,스낵/과자류,평균(Mid),37.5431,127.054368,12268,51,24.9,3.8,14.3,13.0,16608,26487102,146310000,-119822898,43690000,64560000,15010000,14300000,8750000,2024,3,2024-09-26,2024-10-09,14,2035,7344,1744,717,303,125,66.8
서울 홍대/연남,서울 서대문구 연희로5길 22 연남장,베이커리/디저트,평균(Mid),37.562997,126.928683,16004,41,23.1,4.0,16.2,9.1,24311,35405665,122760000,-87354335,35780000,45860000,17280000,17800000,6040000,2024,2,2024-06-08,2024-06-28,21,2850,9612,2134,850,403,155,69.6
서울 홍대/연남,서울 마포구 어울마당로 65 상상마당,스낵/과자류,성공(High),37.550887,126.921143,22164,97,46.4,4.5,46.9,20.3,30363,136612002,171040000,-34427998,57800000,52080000,40800000,12900000,7460000,2024,4,2024-11-04,2024-11-17,14,4788,11232,3814,1389,710,231,87.3
서울 여의도,서울 영등포구 여의대로 108 더현대 서울 지하 1층,라면/면류,실패(Low),37.525841,126.92849,3351,12,11.0,1.9,5.1,5.3,13274,2357502,107690000,-105332498,29050000,41990000,12030000,17500000,7120000,2025,3,2025-09-21,2025-09-30,10,501,1576,771,311,153,39,12.5
대구 동성로,대구 동구 동부로 149 신세계 대구,건강/비건식품,성공(High),35.877751,128.628635,29702,119,39.3,4.7,33.4,29.8,31204,276192719,135660000,140532719,29340000,38700000,42350000,13800000,11470000,2025,2,2025-05-14,2025-05-23,10,1455,3381,12628,8829,2595,814,84.8
서울 성수동,서울 성동구 연무장11길 13 플랜트란스 성수플래그십,라면/면류,실패(Low),37.542766,127.056758,4905,3,10.6,2.1,8.4,5.8,12601,3584858,121300000,-117715142,39010000,44140000,9090000,18000000,11060000,2025,1,2025-01-15,2025-02-04,21,796,2348,1069,457,183,52,12.2
서울 홍대/연남,서울 서대문구 연희로5길 22 연남장,스낵/과자류,성공(High),37.563011,126.928849,27400,148,38.7,4.7,40.6,24.5,33484,224778092,150420000,74358092,38640000,55410000,34110000,16000000,6260000,2022,4,2022-11-07,2022-12-07,31,5131,14528,4900,1625,940,276,83.2
서울 성수동,서울 성동구 연무장15길 11 에스팩토리 D동,간편식/밀키트,실패(Low),37.540107,127.059503,5899,16,7.2,2.9,8.3,4.7,10337,2865964,122890000,-120024036,37560000,49840000,13640000,12100000,9750000,2023,3,2023-08-25,2023-09-03,10,796,2505,1608,667,265,58,21.4
서울 강남/압구정,서울 강남구 영동대로 513 코엑스,스낵/과자류,실패(Low),37.512634,127.058812,5653,15,8.2,2.4,6.5,5.4,15873,4845423,149360000,-144514577,52880000,53400000,14840000,17400000,10840000,2025,4,2025-10-21,2025-10-30,10,1245,2972,834,398,152,52,11.8
서울 성수동,서울 성동구 연무장15길 11 에스팩토리 D동,라면/면류,실패(Low),37.540347,127.059472,4429,8,7.1,2.2,5.2,4.1,15948,2895981,142070000,-139174019,40040000,64980000,13020000,15000000,9030000,2025,3,2025-08-28,2025-09-27,31,672,1896,1111,503,192,55,19.8
서울 성수동,서울 성동구 연무장11길 13 플랜트란스 성수플래그십,스낵/과자류,평균(Mid),37.542905,127.056973,11126,61,21.2,3.8,19.0,10.7,17900,21309627,162900000,-141590373,48240000,62470000,29670000,12500000,10020000,2025,4,2025-10-01,2025-10-10,10,2487,5946,1580,657,350,106,43.9
대구 동성로,대구 중구 동성로6길 61 스파크,간편식/밀키트,평균(Mid),35.869655,128.595502,17671,75,25.3,3.8,19.6,14.6,19591,50544113,141820000,-91275887,32320000,59200000,26450000,13300000,10550000,2021,3,2021-08-03,2021-08-23,21,2765,7781,4513,1743,667,202,68.3
서울 성수동,서울 성동구 연무장15길 11 에스팩토리 D동,라면/면류,평균(Mid),37.540124,127.059482,12541,38,23.0,3.8,16.4,8.7,24069,26260891,122010000,-95749109,28420000,50840000,20730000,13600000,8420000,2025,3,2025-09-03,2025-09-16,14,2038,5054,3495,1254,563,137,73.2
대구 동성로,대구 중구 달구벌대로 2077 더현대 대구,베이커리/디저트,평균(Mid),35.866498,128.590563,11995,74,25.7,4.0,20.5,13.3,20888,33323357,128980000,-95656643,28400000,49100000,26800000,15400000,9280000,2025,4,2025-10-23,2025-12-21,60,2584,6228,1845,803,412,123,42.5
서울 강남/압구정,서울 강남구 강남대로 426 일상비일상의틈,베이커리/디저트,평균(Mid),37.50156,127.026392,5325,44,24.8,4.1,15.1,8.1,24407,10527349,133130000,-122602651,43770000,36810000,28090000,17700000,6760000,2025,3,2025-09-03,2025-09-12,10,903,3063,869,306,137,47,73.4
서울 강남/압구정,서울 강남구 영동대로 513 코엑스,라면/면류,평균(Mid),37.512429,127.058662,10134,29,19.8,3.7,17.1,10.0,22293,22591726,166310000,-143718274,59290000,64060000,18200000,15600000,9160000,2025,1,2025-01-14,2025-02-03,21,1294,5100,2231,1031,376,102,58.3
제주/서귀포,제주 서귀포시 성산읍 동류암로 20 플레이스 캠프,건강/비건식품,실패(Low),33.450848,126.920107,4900,4,11.4,2.0,8.2,5.8,14604,4150456,141890000,-137739544,41460000,66070000,6160000,17700000,10500000,2025,1,2025-03-22,2025-04-11,21,276,697,1927,1352,471,177,18.4
제주/서귀포,제주 서귀포시 안덕면 신화역사로304번길 38 신화월드,스낵/과자류,실패(Low),33.305957,126.316367,5219,9,8.9,2.6,8.0,3.2,15899,2655260,127040000,-124384740,35190000,51940000,12810000,17400000,9700000,2024,4,2024-11-08,2024-11-21,14,1112,2829,772,315,135,56,12.2
서울 여의도,서울 영등포구 여의대로 108 더현대 서울 지하 1층,주류/음료,실패(Low),37.525861,126.928501,5803,10,8.6,2.7,7.5,5.5,10526,3359530,154350000,-150990470,56380000,65670000,12950000,13100000,6250000,2025,3,2025-09-20,2025-10-10,21,58,3166,2100,361,54,64,24.0
서울 강남/압구정,서울 강남구 영동대로 513 코엑스,베이커리/디저트,평균(Mid),37.512602,127.05877,14158,67,23.0,3.9,19.8,11.7,20240,33527276,136230000,-102702724,51690000,41170000,15220000,17700000,10450000,2024,4,2024-12-04,2024-12-17,14,2538,8223,2009,841,408,139,67.8
서울 강남/압구정,서울 강남구 영동대로 513 코엑스,베이커리/디저트,평균(Mid),37.512444,127.058832,13112,25,22.2,3.7,13.5,14.9,24902,48650738,129210000,-80559262,48920000,35270000,22120000,14500000,8400000,2025,2,2025-06-17,2025-07-07,21,2837,6875,2037,793,419,151,64.7
부산 해운대/서면,부산 해운대구 센텀남대로 35 신세계 센텀시티,베이커리/디저트,평균(Mid),35.168988,129.130254,19360,40,24.5,3.6,18.7,8.3,25594,41126486,143640000,-102513514,51850000,38780000,28100000,14200000,10710000,2025,1,2025-01-26,2025-02-15,21,4402,10347,2652,1146,635,178,41.8
제주/서귀포,제주 서귀포시 성산읍 동류암로 20 플레이스 캠프,라면/면류,성공(High),33.450657,126.920145,20675,148,43.1,4.4,46.1,32.0,31511,208476776,142130000,66346776,32960000,44860000,40690000,13200000,10420000,2024,1,2024-01-20,2024-02-09,21,3090,9549,4899,2230,727,180,76.5
서울 여의도,서울 영등포구 여의대로 108 더현대 서울 지하 1층,라면/면류,평균(Mid),37.525848,126.928381,15306,43,17.6,3.4,16.9,9.0,20223,27857991,131940000,-104082009,29810000,50060000,27720000,17900000,6450000,2024,2,2024-05-18,2024-05-27,10,2406,6745,3964,1472,555,164,54.1
서울 강남/압구정,서울 강남구 영동대로 513 코엑스,스낵/과자류,실패(Low),37.512576,127.058655,1775,10,6.2,2.5,10.0,4.6,11073,904110,100160000,-99255890,30510000,32900000,9540000,15800000,11410000,2025,3,2025-07-21,2025-08-10,21,372,995,239,105,49,15,18.3
제주/서귀포,제주 서귀포시 안덕면 신화역사로304번길 38 신화월드,스낵/과자류,평균(Mid),33.305866,126.316484,16880,45,19.1,3.6,15.6,11.3,21724,41437226,144020000,-102582774,59350000,32980000,28090000,16500000,7100000,2025,3,2025-09-08,2025-09-21,14,3869,8427,2928,1015,467,174,48.1
서울 성수동,서울 성동구 연무장15길 11 에스팩토리 D동,스낵/과자류,실패(Low),37.540179,127.059439,4650,14,11.8,2.0,4.9,5.5,15415,3942386,121810000,-117867614,54750000,33060000,9880000,16800000,7320000,2025,3,2025-09-06,2025-09-15,10,957,2532,705,271,137,48,17.9
제주/서귀포,제주 서귀포시 안덕면 신화역사로304번길 38 신화월드,주류/음료,평균(Mid),33.305935,126.316345,11276,55,25.6,3.5,12.3,13.4,23789,35944798,136140000,-100195202,55770000,36060000,21220000,13800000,9290000,2025,4,2025-10-01,2025-10-10,10,107,6318,3696,925,131,99,68.1
서울 여의도,서울 영등포구 여의대로 108 더현대 서울 지하 1층,라면/면류,실패(Low),37.525723,126.928285,3050,7,7.8,2.5,7.0,5.7,12833,2231017,127230000,-124998983,37340000,52180000,13360000,17200000,7150000,2024,2,2024-06-16,2024-07-06,21,463,1476,658,297,131,25,36.0
서울 강남/압구정,서울 강남구 압구정로46길 50 하우스 도산,간편식/밀키트,평균(Mid),37.525259,127.035416,14223,57,22.8,3.8,21.8,9.0,21861,27983610,132360000,-104376390,49050000,45430000,17570000,13400000,6910000,2025,3,2025-08-11,2025-08-31,21,2188,5821,3881,1572,624,137,54.2
서울 여의도,서울 영등포구 여의대로 108 더현대 서울 지하 1층,주류/음료,성공(High),37.525737,126.928471,28148,102,51.2,4.7,36.6,27.3,31002,238231892,166180000,72051892,34240000,63300000,48050000,14300000,6290000,2025,4,2025-12-02,2025-12-11,10,299,16350,8918,2072,232,277,93.1
서울 여의도,서울 영등포구 여의대로 108 더현대 서울 지하 1층,간편식/밀키트,실패(Low),37.525785,126.928281,4256,0,11.5,2.6,4.2,2.2,17291,1618990,107440000,-105821010,35460000,46070000,5740000,13700000,6470000,2025,3,2025-07-03,2025-07-16,14,645,1867,1021,495,178,50,19.0
서울 여의도,서울 영등포구 여의대로 108 더현대 서울 지하 1층,라면/면류,실패(Low),37.525884,126.928416,5402,16,10.5,2.1,6.9,5.6,11899,3599590,112510000,-108910410,28640000,48530000,11080000,12300000,11960000,2025,3,2025-07-15,2025-07-24,10,730,2379,1415,608,212,58,23.3
서울 강남/압구정,서울 강남구 영동대로 513 코엑스,건강/비건식품,실패(Low),37.51248,127.058796,3400,9,6.0,2.7,4.0,5.1,19280,3343151,128020000,-124676849,46580000,46080000,10990000,12500000,11870000,2022,4,2022-11-16,2022-12-16,31,201,448,1329,928,401,93,16.3
서울 강남/압구정,서울 강남구 압구정로46길 50 하우스 도산,라면/면류,평균(Mid),37.525314,127.035425,20558,40,23.4,3.5,21.5,10.6,22365,48736645,105310000,-56573355,31330000,36380000,15320000,15800000,6480000,2024,4,2024-11-09,2024-11-18,10,3211,8736,5445,2097,885,184,62.4
서울 홍대/연남,서울 서대문구 연희로5길 22 연남장,베이커리/디저트,실패(Low),37.56301,126.928948,3512,20,2.2,2.1,4.6,5.8,10205,2078717,100710000,-98631283,26540000,41140000,7730000,14200000,11100000,2025,1,2025-01-31,2025-02-20,21,754,1865,520,217,116,40,37.4
서울 여의도,서울 영등포구 국제금융로 10 IFC몰 L3,라면/면류,평균(Mid),37.524982,126.925387,13205,55,20.8,3.8,18.7,14.5,24076,46098919,142480000,-96381081,54690000,35470000,28420000,16300000,7600000,2025,4,2025-10-08,2025-10-21,14,2145,5807,3230,1418,488,117,61.1
제주/서귀포,제주 서귀포시 성산읍 동류암로 20 플레이스 캠프,라면/면류,실패(Low),33.450638,126.91992,4740,17,10.0,2.9,7.0,4.6,16703,3641922,123690000,-120048078,26160000,64230000,8340000,15000000,9960000,2023,3,2023-07-31,2023-09-13,45,728,2136,1191,467,175,43,20.0
서울 홍대/연남,서울 마포구 홍익로 25 T팩토리,라면/면류,실패(Low),37.556312,126.923281,2734,10,11.3,3.0,4.8,4.2,13889,1594846,132960000,-131365154,31780000,62890000,12320000,14600000,11370000,2025,2,2025-06-12,2025-06-21,10,467,1196,655,286,99,31,28.1
서울 성수동,서울 성동구 뚝섬로13길 38 공간 와디즈,간편식/밀키트,평균(Mid),37.544666,127.051955,8281,59,26.8,3.6,16.9,13.1,21833,23684678,155200000,-131515322,36800000,65030000,26580000,15000000,11790000,2024,3,2024-07-11,2024-07-24,14,1394,3375,2086,953,388,85,44.3
대구 동성로,대구 중구 동성로6길 61 스파크,라면/면류,성공(High),35.869835,128.595583,23525,122,51.2,4.7,30.3,25.8,32885,199593863,141180000,58413863,36090000,41150000,40800000,16100000,7040000,2025,4,2025-10-11,2025-10-20,10,3668,9579,6784,2175,1072,247,92.8
서울 강남/압구정,서울 강남구 강남대로 426 일상비일상의틈,스낵/과자류,성공(High),37.501545,127.026337,18622,120,53.0,4.6,35.4,26.8,27875,139115651,164910000,-25794349,49540000,44180000,44980000,16600000,9610000,2023,3,2023-09-01,2023-10-15,45,3895,10415,2601,1022,518,171,85.1
서울 여의도,서울 영등포구 여의대로 108 더현대 서울 지하 1층,라면/면류,성공(High),37.525675,126.928371,27758,93,42.1,4.7,38.9,24.9,36644,253273873,160380000,92893873,35970000,68420000,36000000,12200000,7790000,2022,2,2022-04-09,2022-06-07,60,4609,12183,6147,3234,1265,320,84.0
서울 여의도,서울 영등포구 여의대로 108 더현대 서울 지하 1층,라면/면류,평균(Mid),37.52581,126.928545,13956,51,20.4,3.6,17.7,12.5,20850,36372825,149220000,-112847175,48570000,54560000,22330000,12400000,11360000,2025,3,2025-09-07,2025-09-16,10,2454,5785,3451,1535,603,128,60.5
서울 홍대/연남,서울 마포구 홍익로 25 T팩토리,주류/음료,실패(Low),37.55613,126.923378,7381,10,2.1,2.0,7.3,5.0,10365,3825203,125980000,-122154797,32970000,56590000,11720000,17400000,7300000,2022,2,2022-04-17,2022-05-31,45,87,4014,2554,563,82,81,27.5
서울 성수동,서울 성동구 뚝섬로13길 38 공간 와디즈,주류/음료,실패(Low),37.544697,127.051931,2253,20,10.2,2.4,4.3,4.3,14996,1452797,116260000,-114807203,25140000,60470000,5900000,14500000,10250000,2024,1,2024-01-17,2024-02-16,31,19,1338,711,136,24,25,12.0
제주/서귀포,제주 서귀포시 성산읍 동류암로 20 플레이스 캠프,주류/음료,성공(High),33.450592,126.919886,30355,118,54.1,4.7,43.7,26.6,36416,294038442,153020000,141018442,29060000,60400000,38570000,15600000,9390000,2024,1,2024-03-25,2024-04-14,21,315,17084,10411,2020,249,276,88.7
서울 홍대/연남,서울 마포구 홍익로 25 T팩토리,건강/비건식품,성공(High),37.556083,126.923261,29073,136,51.9,4.4,47.5,30.0,24329,212195105,162380000,49815105,50010000,51040000,36280000,14400000,10650000,2024,1,2024-03-01,2024-03-21,21,1397,3235,12399,8704,2540,798,79.8
제주/서귀포,제주 서귀포시 안덕면 신화역사로304번길 38 신화월드,주류/음료,성공(High),33.306036,126.316445,30517,137,51.2,4.5,43.5,22.0,36119,242493575,149690000,92803575,55400000,35870000,34470000,17500000,6450000,2025,2,2025-06-10,2025-06-19,10,333,15140,12202,2204,314,324,89.3
서울 여의도,서울 영등포구 여의대로 108 더현대 서울 지하 1층,라면/면류,성공(High),37.525751,126.928286,30167,114,52.8,4.5,49.5,27.7,27039,225944887,165050000,60894887,36360000,69960000,35630000,14600000,8500000,2024,1,2024-01-22,2024-01-31,10,4928,12855,7884,3053,1114,333,91.5
서울 홍대/연남,서울 서대문구 연희로5길 22 연남장,라면/면류,실패(Low),37.5628,126.928751,7679,4,10.0,1.9,6.1,5.2,7594,3032344,124420000,-121387656,54100000,35350000,12470000,14200000,8300000,2024,3,2024-08-03,2024-09-02,31,1166,3365,1973,793,303,79,32.5
서울 성수동,서울 성동구 연무장11길 13 플랜트란스 성수플래그십,라면/면류,성공(High),37.542764,127.056797,26043,134,42.8,4.4,44.1,25.7,33021,221011237,149360000,71651237,32490000,62120000,30970000,14900000,8880000,2025,2,2025-06-07,2025-07-07,31,3953,11802,6441,2677,893,277,86.1
제주/서귀포,제주 서귀포시 안덕면 신화역사로304번길 38 신화월드,스낵/과자류,평균(Mid),33.306071,126.316415,13609,48,20.5,3.8,15.4,12.0,25402,41483498,122760000,-81276502,43050000,40050000,17630000,13500000,8530000,2022,2,2022-06-17,2022-07-17,31,3178,6754,2354,762,408,153,58.2
서울 홍대/연남,서울 마포구 어울마당로 65 상상마당,라면/면류,평균(Mid),37.550879,126.920983,9501,11,15.8,3.7,12.8,8.3,17386,13710304,172510000,-158799696,59950000,69110000,20530000,14500000,8420000,2025,4,2025-11-24,2025-12-07,14,1224,4476,2497,910,309,85,45.0
서울 성수동,서울 성동구 연무장15길 11 에스팩토리 D동,주류/음료,실패(Low),37.5401,127.059451,3202,7,5.2,3.0,8.8,5.5,12428,2188695,107290000,-105101305,33740000,42090000,11020000,14300000,6140000,2025,3,2025-07-28,2025-08-10,14,30,1850,1070,191,31,30,31.7
서울 여의도,서울 영등포구 여의대로 108 더현대 서울 지하 1층,라면/면류,평균(Mid),37.525698,126.928313,8703,40,24.7,3.8,12.6,11.0,24804,23745613,129600000,-105854387,45080000,37870000,22120000,15400000,9130000,2024,4,2024-12-09,2025-01-08,31,1436,3506,2381,894,402,84,49.5
서울 성수동,서울 성동구 연무장11길 13 플랜트란스 성수플래그십,베이커리/디저트,실패(Low),37.542701,127.05694,1169,0,8.1,2.5,5.8,5.9,16365,1128710,145850000,-144721290,54490000,56700000,9260000,17400000,8000000,2025,2,2025-06-28,2025-07-28,31,227,679,144,74,35,10,23.9
서울 강남/압구정,서울 강남구 강남대로 426 일상비일상의틈,베이커리/디저트,실패(Low),37.501601,127.026429,5443,0,7.8,2.1,6.6,2.1,14996,1714087,103510000,-101795913,33890000,34960000,7070000,17100000,10490000,2025,2,2025-04-26,2025-05-26,31,1020,3171,708,333,155,56,18.0
서울 여의도,서울 영등포구 여의대로 108 더현대 서울 지하 1층,라면/면류,성공(High),37.525752,126.92853,26910,129,39.2,4.4,45.9,33.7,33831,306802174,162120000,144682174,57150000,42860000,35210000,14900000,12000000,2025,1,2025-02-09,2025-03-01,21,3225,12449,7106,2839,1070,221,77.7
서울 성수동,서울 성동구 연무장15길 11 에스팩토리 D동,스낵/과자류,성공(High),37.540074,127.059612,25047,120,42.5,4.7,38.2,35.0,33597,294526420,149910000,144616420,38040000,43000000,45340000,13400000,10130000,2025,2,2025-05-22,2025-06-11,21,5911,12935,3525,1559,820,297,87.6
서울 강남/압구정,서울 강남구 압구정로46길 50 하우스 도산,베이커리/디저트,평균(Mid),37.52519,127.035352,13995,58,21.9,3.6,12.8,14.6,27560,56312521,150690000,-94377479,58590000,42440000,29640000,13000000,7020000,2024,2,2024-06-25,2024-07-04,10,2953,7571,1957,965,411,138,41.9
대구 동성로,대구 중구 동성로6길 61 스파크,라면/면류,평균(Mid),35.869768,128.595724,14541,39,16.6,3.7,13.9,12.8,22717,42281970,155210000,-112928030,49610000,59070000,24940000,12400000,9190000,2025,2,2025-06-23,2025-07-02,10,1911,6939,3748,1298,496,149,66.2
대구 동성로,대구 중구 달구벌대로 2077 더현대 대구,라면/면류,성공(High),35.866389,128.59049,24858,159,39.3,4.7,48.2,34.1,31398,266147596,148100000,118047596,37250000,46210000,38830000,17600000,8210000,2025,1,2025-02-17,2025-03-19,31,3901,10422,7054,2225,974,282,81.4
서울 여의도,서울 영등포구 여의대로 108 더현대 서울 지하 1층,스낵/과자류,평균(Mid),37.525712,126.928545,1197,50,24.7,4.1,21.9,11.9,27867,3969459,150500000,-146530541,59410000,44350000,25240000,13000000,8500000,2024,1,2024-02-26,2024-03-17,21,231,676,172,66,41,11,40.0
서울 성수동,서울 성동구 연무장5길 20 쎈느,베이커리/디저트,성공(High),37.543023,127.054385,26794,108,52.5,4.8,40.0,23.6,32006,202386228,190150000,12236228,58390000,61180000,47100000,14200000,9280000,2025,3,2025-09-05,2025-09-14,10,6250,14127,3831,1441,877,268,85.2
제주/서귀포,제주 서귀포시 성산읍 동류암로 20 플레이스 캠프,라면/면류,평균(Mid),33.450737,126.919988,11468,60,27.4,4.1,13.1,9.1,23643,24673551,145250000,-120576449,46800000,57260000,17350000,16600000,7240000,2025,2,2025-05-28,2025-06-06,10,1828,4905,3133,995,488,119,41.6
서울 성수동,서울 성동구 연무장11길 13 플랜트란스 성수플래그십,라면/면류,평균(Mid),37.542697,127.05697,15309,54,17.8,3.6,18.9,13.2,25339,51204747,127550000,-76345253,37370000,49340000,16160000,17300000,7380000,2025,2,2025-04-16,2025-05-06,21,2307,7064,3834,1476,506,122,49.7
서울 성수동,서울 성동구 연무장11길 13 플랜트란스 성수플래그십,베이커리/디저트,성공(High),37.542708,127.056969,30831,106,51.5,4.4,31.1,26.2,34909,281985197,128110000,153875197,25500000,38320000,38220000,15800000,10270000,2024,3,2024-08-01,2024-08-10,10,6596,16667,4783,1747,778,260,89.1
서울 홍대/연남,서울 마포구 홍익로 25 T팩토리,베이커리/디저트,평균(Mid),37.556179,126.923431,9834,63,27.7,3.9,18.1,13.7,22380,30151634,109940000,-79788366,26690000,37540000,23360000,15800000,6550000,2025,4,2025-10-29,2025-11-07,10,2114,5390,1367,599,261,103,42.2
서울 홍대/연남,서울 마포구 홍익로 25 T팩토리,건강/비건식품,실패(Low),37.556063,126.923528,4254,2,11.5,1.8,7.7,2.2,15532,1453608,116740000,-115286392,33060000,47790000,13970000,13500000,8420000,2022,1,2022-01-09,2022-02-08,31,206,578,1668,1309,377,116,33.5
서울 홍대/연남,서울 마포구 어울마당로 65 상상마당,스낵/과자류,평균(Mid),37.550777,126.920942,11471,66,18.0,3.5,15.0,15.1,21938,37999270,131180000,-93180730,49460000,35130000,17640000,17100000,11850000,2025,4,2025-11-13,2025-12-03,21,2234,6310,1783,649,367,128,40.1
서울 강남/압구정,서울 강남구 영동대로 513 코엑스,건강/비건식품,실패(Low),37.512404,127.058756,1610,9,5.9,2.9,3.6,3.5,14068,792731,138010000,-137217269,34180000,67790000,10690000,14500000,10850000,2025,3,2025-07-03,2025-07-23,21,92,176,677,450,157,58,16.9
부산 해운대/서면,부산 수영구 민락수변로17번길 56 밀락더마켓,주류/음료,평균(Mid),35.154064,129.127064,7474,22,27.7,3.8,16.1,10.6,23649,18735778,153100000,-134364222,56080000,53260000,19370000,14200000,10190000,2024,1,2024-03-16,2024-03-29,14,66,4052,2671,547,75,63,65.9
대구 동성로,대구 동구 동부로 149 신세계 대구,베이커리/디저트,평균(Mid),35.877755,128.62847,13385,61,16.0,3.6,20.9,13.5,24618,44484110,155580000,-111095890,54520000,62650000,15060000,13500000,9850000,2024,4,2024-12-10,2025-01-09,31,2627,7663,1822,794,358,121,51.1
제주/서귀포,제주 서귀포시 성산읍 동류암로 20 플레이스 캠프,라면/면류,성공(High),33.450657,126.920077,34683,144,48.7,4.8,31.6,26.6,30740,283597341,161300000,122297341,44970000,46700000,44930000,14900000,9800000,2025,4,2025-10-30,2025-11-08,10,5256,14478,9222,3821,1577,329,77.0
서울 성수동,서울 성동구 연무장15길 11 에스팩토리 D동,스낵/과자류,성공(High),37.540181,127.059513,22502,110,44.4,4.7,43.8,29.6,26839,178763628,148170000,30593628,43490000,36890000,40480000,15700000,11610000,2025,1,2025-03-17,2025-03-30,14,4395,11835,3812,1555,629,276,82.2
서울 홍대/연남,서울 마포구 홍익로 25 T팩토리,주류/음료,실패(Low),37.556206,126.923543,3257,10,4.1,2.8,8.6,1.5,11370,555481,132470000,-131914519,27770000,65660000,14320000,14700000,10020000,2025,2,2025-04-29,2025-05-19,21,27,1751,1168,244,33,34,17.6
서울 여의도,서울 영등포구 국제금융로 10 IFC몰 L3,베이커리/디저트,성공(High),37.525183,126.925429,26014,112,41.7,4.9,33.4,26.1,29833,202555747,172520000,30035747,42550000,64350000,39970000,17500000,8150000,2025,4,2025-10-01,2025-10-21,21,4799,15175,3305,1692,767,276,91.9
제주/서귀포,제주 서귀포시 안덕면 신화역사로304번길 38 신화월드,스낵/과자류,성공(High),33.306055,126.316538,33084,135,54.2,4.6,45.2,22.4,25342,187804899,155090000,32714899,35860000,50250000,49020000,13300000,6660000,2025,4,2025-10-10,2025-10-30,21,6387,18588,4899,2079,850,281,81.3
서울 강남/압구정,서울 강남구 강남대로 426 일상비일상의틈,라면/면류,성공(High),37.501521,127.02626,29590,130,54.4,4.8,42.8,23.6,21521,150286308,146210000,4076308,27420000,53720000,41730000,12900000,10440000,2025,2,2025-06-30,2025-07-20,21,4240,12360,8500,2801,1398,291,90.8
부산 해운대/서면,부산 수영구 민락수변로17번길 56 밀락더마켓,건강/비건식품,실패(Low),35.154066,129.127148,4507,0,4.2,2.0,8.6,5.6,18068,4560218,104290000,-99729782,36510000,36290000,9030000,13800000,8660000,2024,2,2024-06-20,2024-07-10,21,198,572,1837,1314,446,140,35.0
부산 해운대/서면,부산 해운대구 센텀남대로 35 신세계 센텀시티,라면/면류,평균(Mid),35.169006,129.130109,16572,45,19.3,3.4,21.0,8.9,24464,36082149,152070000,-115987851,40880000,69180000,17410000,14100000,10500000,2024,2,2024-04-08,2024-04-17,10,2091,7848,4335,1586,552,160,55.2
부산 해운대/서면,부산 해운대구 센텀남대로 35 신세계 센텀시티,라면/면류,평균(Mid),35.168873,129.130122,10552,25,27.1,3.9,17.6,12.2,23571,30343985,144460000,-114116015,29580000,69570000,20740000,15500000,9070000,2025,3,2025-07-30,2025-08-12,14,1528,4517,2708,1155,519,125,71.8
대구 동성로,대구 중구 달구벌대로 2077 더현대 대구,스낵/과자류,실패(Low),35.866631,128.590568,5652,19,9.8,2.5,4.5,4.7,17759,4717571,131880000,-127162429,44550000,49010000,11270000,17300000,9750000,2025,3,2025-07-09,2025-07-18,10,1218,3051,812,327,195,49,20.6
서울 홍대/연남,서울 마포구 홍익로 25 T팩토리,라면/면류,실패(Low),37.556321,126.923531,3625,3,10.2,1.9,5.9,5.8,17700,3721424,132350000,-128628576,36510000,55660000,14680000,17600000,7900000,2024,2,2024-04-05,2024-04-18,14,586,1621,863,376,140,39,37.0
대구 동성로,대구 중구 달구벌대로 2077 더현대 대구,베이커리/디저트,성공(High),35.866399,128.590653,31643,132,47.0,4.4,44.2,28.5,35500,320148052,162850000,157298052,38640000,67130000,32050000,17600000,7430000,2023,3,2023-08-12,2023-10-10,60,7050,16901,4404,1940,1061,287,76.8
서울 홍대/연남,서울 마포구 어울마당로 65 상상마당,건강/비건식품,성공(High),37.550754,126.921005,31400,90,46.9,4.5,33.2,24.3,32424,247401604,157010000,90391604,36710000,60870000,38360000,13600000,7470000,2025,4,2025-10-10,2025-10-23,14,1609,3872,13285,8283,3305,1046,88.7
서울 성수동,서울 성동구 연무장15길 11 에스팩토리 D동,간편식/밀키트,평균(Mid),37.54016,127.059448,11258,38,16.9,4.0,17.0,15.2,18695,31991183,127540000,-95548817,30710000,43740000,28400000,14500000,10190000,2022,1,2022-03-07,2022-05-05,60,1557,4761,3278,1039,508,115,57.3
서울 홍대/연남,서울 마포구 어울마당로 65 상상마당,스낵/과자류,평균(Mid),37.550832,126.921143,13840,55,19.5,4.1,13.1,14.3,23667,46839833,130460000,-83620167,32710000,49060000,21120000,17300000,10270000,2024,2,2024-05-01,2024-05-21,21,2453,8112,1958,800,381,136,53.6
부산 해운대/서면,부산 수영구 민락수변로17번길 56 밀락더마켓,주류/음료,성공(High),35.154302,129.127061,28155,107,40.1,4.8,33.2,27.2,32346,247710843,129920000,117790843,38630000,34760000,33790000,14900000,7840000,2025,4,2025-11-05,2025-11-25,21,247,14611,10966,1783,288,260,87.7
서울 성수동,서울 성동구 연무장15길 11 에스팩토리 D동,건강/비건식품,평균(Mid),37.540348,127.059383,6510,36,26.1,4.0,20.4,10.9,21336,15139812,128720000,-113580188,43630000,35790000,26580000,12000000,10720000,2025,4,2025-12-02,2025-12-15,14,342,674,2880,1868,581,165,64.6
대구 동성로,대구 중구 달구벌대로 2077 더현대 대구,라면/면류,평균(Mid),35.866406,128.590507,11694,34,15.9,4.2,14.5,10.0,22597,26424931,128630000,-102205069,29140000,52770000,27910000,12100000,6710000,2025,3,2025-07-28,2025-08-10,14,1606,5380,2826,1306,466,110,40.2
서울 성수동,서울 성동구 연무장11길 13 플랜트란스 성수플래그십,건강/비건식품,평균(Mid),37.542707,127.056966,14427,42,25.1,3.9,19.6,12.8,18433,34039410,142560000,-108520590,59880000,39320000,18690000,15100000,9570000,2025,3,2025-09-08,2025-09-21,14,805,1982,5600,4201,1339,500,45.8
서울 성수동,서울 성동구 연무장15길 11 에스팩토리 D동,건강/비건식품,평균(Mid),37.540126,127.059599,10663,43,27.3,4.1,15.4,15.1,25247,40650522,134400000,-93749478,46540000,48800000,15860000,13500000,9700000,2025,1,2025-01-17,2025-01-26,10,520,1180,4372,3245,1016,330,65.0
서울 강남/압구정,서울 강남구 강남대로 426 일상비일상의틈,주류/음료,실패(Low),37.501598,127.026313,4884,8,6.1,2.2,7.4,5.3,14254,3689676,119300000,-115610324,34120000,45990000,12630000,17300000,9260000,2025,3,2025-09-12,2025-10-02,21,49,2629,1762,328,55,61,28.7
서울 홍대/연남,서울 마포구 어울마당로 65 상상마당,주류/음료,성공(High),37.55103,126.921065,27497,152,52.9,4.5,41.5,29.9,35851,294752689,136550000,158202689,33440000,38410000,43650000,13900000,7150000,2025,3,2025-09-12,2025-09-21,10,252,14268,10093,2315,276,293,94.3
대구 동성로,대구 중구 동성로6길 61 스파크,라면/면류,성공(High),35.869904,128.595477,29319,117,39.6,4.9,37.6,27.0,29615,234436189,187110000,47326189,58220000,63360000,39170000,17800000,8560000,2024,2,2024-05-31,2024-06-09,10,3879,12070,8591,3417,1021,341,90.2
서울 성수동,서울 성동구 연무장11길 13 플랜트란스 성수플래그십,스낵/과자류,평균(Mid),37.542839,127.056908,12806,38,21.7,3.9,13.3,11.5,19430,28614366,148870000,-120255634,45650000,55010000,22040000,16900000,9270000,2025,2,2025-05-02,2025-05-22,21,2499,7324,1775,723,359,126,73.3
부산 해운대/서면,부산 해운대구 센텀남대로 35 신세계 센텀시티,주류/음료,실패(Low),35.168788,129.130109,2818,4,11.6,2.9,4.7,1.8,12569,637549,130580000,-129942451,54330000,42300000,9200000,14900000,9850000,2025,2,2025-05-31,2025-06-09,10,28,1471,1027,231,28,33,29.7
제주/서귀포,제주 서귀포시 성산읍 동류암로 20 플레이스 캠프,베이커리/디저트,평균(Mid),33.450591,126.9201,11977,35,17.3,4.1,17.8,10.6,20775,26375150,107200000,-80824850,25270000,38050000,19930000,16700000,7250000,2024,1,2024-02-22,2024-04-06,45,2817,5963,1947,728,411,111,50.4
서울 여의도,서울 영등포구 국제금융로 10 IFC몰 L3,라면/면류,평균(Mid),37.525202,126.925464,18489,33,15.9,3.6,17.7,12.2,22934,51731260,157020000,-105288740,46630000,64270000,20570000,14300000,11250000,2025,2,2025-04-25,2025-06-08,45,2683,8380,4791,1784,676,175,43.7
서울 여의도,서울 영등포구 여의대로 108 더현대 서울 지하 1층,베이커리/디저트,실패(Low),37.525721,126.928543,5999,13,5.4,2.3,9.3,3.1,12453,2315871,114790000,-112474129,41440000,36030000,12880000,15900000,8540000,2025,2,2025-04-13,2025-05-13,31,1303,3295,756,397,186,62,31.9
대구 동성로,대구 중구 달구벌대로 2077 더현대 대구,베이커리/디저트,평균(Mid),35.866392,128.590599,18221,57,19.0,4.2,12.3,13.2,30908,74339056,144360000,-70020944,36580000,65860000,16810000,13800000,11310000,2025,2,2025-04-13,2025-04-26,14,3320,10458,2635,1138,480,190,62.5
부산 해운대/서면,부산 수영구 민락수변로17번길 56 밀락더마켓,라면/면류,실패(Low),35.154148,129.127131,3697,12,7.5,2.4,3.9,5.5,13600,2765356,147080000,-144314644,52510000,54700000,13710000,14600000,11560000,2024,1,2024-03-25,2024-04-03,10,638,1439,1057,359,164,40,11.3
대구 동성로,대구 중구 동성로6길 61 스파크,베이커리/디저트,평균(Mid),35.869896,128.595609,12177,68,22.7,4.0,21.3,13.6,15928,26377914,128250000,-101872086,46450000,35320000,18370000,17500000,10610000,2025,4,2025-11-25,2025-12-25,31,2349,6786,1923,671,327,121,52.6
서울 강남/압구정,서울 강남구 압구정로46길 50 하우스 도산,라면/면류,실패(Low),37.525097,127.035256,4226,23,9.2,2.5,4.1,2.8,15817,1871593,91150000,-89278407,26160000,32990000,7480000,15500000,9020000,2025,3,2025-08-15,2025-08-28,14,646,1913,1073,386,173,35,36.8
서울 여의도,서울 영등포구 국제금융로 10 IFC몰 L3,라면/면류,실패(Low),37.525142,126.925375,1634,15,4.5,2.9,4.5,4.9,13738,1099946,101110000,-100010054,29460000,41820000,8530000,12700000,8600000,2025,4,2025-11-24,2026-01-07,45,271,682,422,171,69,19,24.0
부산 해운대/서면,부산 해운대구 센텀남대로 35 신세계 센텀시티,베이커리/디저트,성공(High),35.168895,129.130324,24945,128,46.8,4.6,31.4,30.7,37615,288059995,171360000,116699995,50700000,48740000,46000000,15600000,10320000,2025,4,2025-11-22,2026-01-05,45,4987,13968,3565,1489,711,225,83.7
서울 여의도,서울 영등포구 여의대로 108 더현대 서울 지하 1층,라면/면류,평균(Mid),37.525676,126.928547,14231,40,17.2,3.7,12.2,14.9,21299,45162804,121760000,-76597196,37750000,33340000,26510000,15200000,8960000,2025,3,2025-08-29,2025-09-28,31,2127,6500,3561,1360,530,153,56.0
서울 여의도,서울 영등포구 국제금융로 10 IFC몰 L3,건강/비건식품,평균(Mid),37.524977,126.925416,11773,24,16.6,3.8,15.0,15.0,21098,37258013,139790000,-102531987,28040000,61130000,25620000,14000000,11000000,2025,1,2025-01-07,2025-01-16,10,641,1520,4371,3641,1229,371,47.3
서울 강남/압구정,서울 강남구 영동대로 513 코엑스,베이커리/디저트,평균(Mid),37.512577,127.058936,14326,43,19.5,3.8,18.0,8.3,19023,22619450,130140000,-107520550,42050000,38880000,27680000,14300000,7230000,2024,3,2024-09-25,2024-10-08,14,2867,7776,2168,907,459,149,52.9
대구 동성로,대구 중구 달구벌대로 2077 더현대 대구,라면/면류,평균(Mid),35.866619,128.590726,8316,56,21.7,4.0,13.4,12.5,25035,26023882,141620000,-115596118,28630000,69200000,19390000,15900000,8500000,2024,3,2024-09-22,2024-10-22,31,1540,3476,2052,770,377,101,52.9
서울 성수동,서울 성동구 연무장11길 13 플랜트란스 성수플래그십,간편식/밀키트,성공(High),37.54286,127.056858,29465,125,43.2,4.6,40.3,33.7,35527,352772629,161360000,191412629,55580000,36070000,46840000,16400000,6470000,2024,4,2024-10-13,2024-10-26,14,3987,14618,6250,3255,1101,254,76.0
서울 성수동,서울 성동구 뚝섬로13길 38 공간 와디즈,간편식/밀키트,성공(High),37.544748,127.051814,33937,129,40.1,4.5,47.3,25.4,24664,212603630,153370000,59233630,29360000,66520000,37510000,12200000,7780000,2025,3,2025-07-08,2025-07-17,10,5345,14927,8369,3372,1562,362,90.4
대구 동성로,대구 중구 동성로6길 61 스파크,건강/비건식품,성공(High),35.869715,128.595476,28860,130,43.1,4.7,38.4,30.1,25133,218326852,117310000,101016852,26020000,32580000,34790000,13900000,10020000,2023,1,2023-02-21,2023-03-23,31,1360,3576,12286,8062,2809,767,83.3
서울 홍대/연남,서울 마포구 홍익로 25 T팩토리,라면/면류,평균(Mid),37.55627,126.923303,11109,56,19.6,3.6,19.7,10.3,19421,22222032,142250000,-120027968,45480000,42430000,28110000,17800000,8430000,2023,2,2023-05-14,2023-06-27,45,1525,5332,2542,1133,478,99,68.8
서울 강남/압구정,서울 강남구 강남대로 426 일상비일상의틈,베이커리/디저트,평균(Mid),37.501546,127.026374,11055,37,27.7,3.9,19.0,10.2,15352,17311068,138340000,-121028932,34240000,60020000,23200000,14000000,6880000,2024,2,2024-04-14,2024-05-04,21,2285,5707,1913,669,367,114,69.8
서울 성수동,서울 성동구 연무장11길 13 플랜트란스 성수플래그십,라면/면류,평균(Mid),37.542754,127.05699,13876,19,27.9,4.1,19.7,10.8,20108,30134009,147350000,-117215991,55020000,43400000,24360000,17100000,7470000,2025,3,2025-08-01,2025-08-14,14,1728,6248,3790,1376,585,149,47.4
서울 강남/압구정,서울 강남구 압구정로46길 50 하우스 도산,스낵/과자류,실패(Low),37.52531,127.035269,4219,9,7.1,2.1,4.2,4.4,16657,3092138,149210000,-146117862,41200000,68270000,14980000,16100000,8660000,2024,3,2024-07-25,2024-08-03,10,821,2246,693,261,148,50,28.4
서울 성수동,서울 성동구 연무장15길 11 에스팩토리 D동,스낵/과자류,평균(Mid),37.540342,127.059383,16658,60,15.3,3.8,19.1,11.9,16305,32321434,148490000,-116168566,45650000,47150000,29130000,14600000,11960000,2025,2,2025-04-25,2025-05-15,21,3321,8798,2825,972,572,170,56.5
서울 성수동,서울 성동구 뚝섬로13길 38 공간 와디즈,라면/면류,실패(Low),37.544657,127.051974,6753,9,4.6,2.5,8.7,3.8,16395,4207186,137810000,-133602814,53830000,42340000,13670000,17400000,10570000,2025,4,2025-12-08,2026-02-05,60,1107,2780,1822,693,288,63,34.6
서울 여의도,서울 영등포구 국제금융로 10 IFC몰 L3,스낵/과자류,평균(Mid),37.525228,126.925385,12652,66,20.5,3.8,12.2,13.0,18363,30202727,114820000,-84617273,32080000,32550000,25220000,14500000,10470000,2025,3,2025-08-27,2025-09-05,10,2581,7346,1654,635,310,126,47.6
서울 홍대/연남,서울 마포구 홍익로 25 T팩토리,간편식/밀키트,성공(High),37.556099,126.923258,30858,109,42.7,4.7,39.7,26.1,33268,267938409,156550000,111388409,35770000,57580000,40750000,14100000,8350000,2022,2,2022-04-18,2022-05-18,31,4831,14239,7174,3018,1284,312,88.6
서울 강남/압구정,서울 강남구 영동대로 513 코엑스,라면/면류,평균(Mid),37.512643,127.058857,15051,46,17.5,3.8,17.9,12.9,24462,47494905,141590000,-94095095,51950000,43190000,22130000,17000000,7320000,2025,1,2025-02-24,2025-03-26,31,2629,6130,4046,1485,598,163,61.3
서울 여의도,서울 영등포구 여의대로 108 더현대 서울 지하 1층,라면/면류,실패(Low),37.525654,126.928451,4599,0,5.8,2.8,4.8,3.6,17183,2844886,113450000,-110605114,44160000,38580000,5830000,17600000,7280000,2025,2,2025-04-24,2025-05-14,21,703,2288,984,390,189,45,18.3
서울 성수동,서울 성동구 연무장5길 20 쎈느,베이커리/디저트,성공(High),37.543064,127.054265,23939,152,43.2,4.7,41.3,32.2,27984,215710690,148640000,67070690,58090000,30160000,37070000,17000000,6320000,2025,2,2025-05-06,2025-05-26,21,4947,12754,3485,1780,722,251,77.7
서울 여의도,서울 영등포구 여의대로 108 더현대 서울 지하 1층,베이커리/디저트,평균(Mid),37.525754,126.928541,10507,56,23.3,3.8,18.4,9.8,26132,26907754,139610000,-112702246,50420000,47090000,16600000,17800000,7700000,2025,2,2025-05-30,2025-06-19,21,2057,5895,1464,676,293,122,62.8
부산 해운대/서면,부산 해운대구 센텀남대로 35 신세계 센텀시티,간편식/밀키트,평균(Mid),35.168848,129.1303,14007,53,24.1,3.8,15.0,14.9,20156,42066438,115070000,-73003562,37290000,38940000,15620000,16800000,6420000,2025,2,2025-05-02,2025-05-15,14,1884,6215,3801,1427,551,129,65.9
서울 강남/압구정,서울 강남구 강남대로 426 일상비일상의틈,라면/면류,실패(Low),37.50163,127.026457,5825,11,7.6,2.9,4.7,3.4,13378,2649512,118840000,-116190488,45560000,40750000,11660000,13200000,7670000,2025,2,2025-04-10,2025-04-19,10,784,2602,1579,577,224,59,18.8
서울 성수동,서울 성동구 연무장15길 11 에스팩토리 D동,라면/면류,실패(Low),37.540055,127.059618,5127,11,10.1,1.8,9.0,1.1,13776,776925,122670000,-121893075,37280000,47380000,14130000,17500000,6380000,2025,2,2025-05-27,2025-06-16,21,798,2099,1368,611,194,57,28.1
서울 성수동,서울 성동구 연무장11길 13 플랜트란스 성수플래그십,건강/비건식품,성공(High),37.542731,127.05683,30463,157,53.7,4.7,32.1,20.4,36568,227250080,133400000,93850080,28920000,31260000,44620000,17400000,11200000,2022,4,2022-12-10,2023-01-23,45,1459,3888,11272,9474,3452,918,82.9
제주/서귀포,제주 서귀포시 안덕면 신화역사로304번길 38 신화월드,건강/비건식품,실패(Low),33.305995,126.316536,3375,10,6.7,1.9,7.0,4.7,15679,2487081,140490000,-138002919,49090000,57850000,11120000,12200000,10230000,2025,1,2025-01-13,2025-02-12,31,171,426,1473,901,316,88,30.0
서울 여의도,서울 영등포구 국제금융로 10 IFC몰 L3,간편식/밀키트,실패(Low),37.52518,126.925527,2825,8,8.7,1.8,4.0,2.5,14636,1033667,142190000,-141156333,54150000,55610000,10540000,12300000,9590000,2025,3,2025-07-07,2025-08-06,31,445,1311,653,285,104,27,15.6
서울 성수동,서울 성동구 뚝섬로13길 38 공간 와디즈,라면/면류,실패(Low),37.544668,127.052028,3114,16,5.2,2.7,8.2,2.5,7961,619763,127390000,-126770237,47650000,42910000,12180000,14500000,10150000,2025,3,2025-09-22,2025-10-05,14,409,1506,690,341,135,33,34.9
서울 홍대/연남,서울 서대문구 연희로5길 22 연남장,스낵/과자류,실패(Low),37.562763,126.928823,4923,8,8.5,2.9,8.3,1.8,13639,1208606,129850000,-128641394,33600000,64970000,5740000,13600000,11940000,2025,4,2025-12-09,2025-12-22,14,917,2758,742,306,140,60,18.0
서울 성수동,서울 성동구 연무장15길 11 에스팩토리 D동,주류/음료,실패(Low),37.540156,127.059517,1763,6,7.3,2.6,5.9,4.9,11896,1027659,126600000,-125572341,46390000,52300000,5940000,13900000,8070000,2021,1,2021-01-02,2021-03-02,60,19,954,625,127,19,19,20.3
서울 강남/압구정,서울 강남구 압구정로46길 50 하우스 도산,스낵/과자류,성공(High),37.525322,127.035525,29873,104,53.9,4.7,42.2,29.5,26955,237541880,165700000,71841880,52600000,42140000,42120000,16900000,11940000,2025,3,2025-07-12,2025-08-01,21,6395,15606,4889,1884,778,321,76.2
서울 강남/압구정,서울 강남구 영동대로 513 코엑스,베이커리/디저트,성공(High),37.51248,127.058933,30336,147,40.8,4.6,41.6,24.4,34918,258462477,178480000,79982477,50340000,65490000,38640000,14300000,9710000,2025,4,2025-10-31,2025-11-20,21,5187,17656,4239,1958,976,320,77.2
제주/서귀포,제주 서귀포시 성산읍 동류암로 20 플레이스 캠프,간편식/밀키트,평균(Mid),33.450657,126.919871,15997,46,22.7,3.5,22.0,14.1,22614,51007618,152330000,-101322382,52970000,48510000,23690000,16400000,10760000,2025,4,2025-10-22,2025-11-11,21,2748,7142,3684,1637,608,178,58.1
서울 성수동,서울 성동구 연무장11길 13 플랜트란스 성수플래그십,라면/면류,실패(Low),37.54292,127.05681,5261,2,5.1,2.3,4.7,3.9,12196,2502363,111230000,-108727637,26780000,48020000,14240000,13400000,8790000,2025,4,2025-11-22,2025-12-22,31,701,2519,1276,537,174,54,17.5
서울 성수동,서울 성동구 뚝섬로13길 38 공간 와디즈,주류/음료,평균(Mid),37.544574,127.051994,9438,39,26.9,3.9,16.7,10.5,26444,26205739,142270000,-116064261,47020000,44600000,25360000,15000000,10290000,2025,2,2025-06-02,2025-06-15,14,105,5094,3359,703,84,93,69.2
제주/서귀포,제주 서귀포시 성산읍 동류암로 20 플레이스 캠프,스낵/과자류,평균(Mid),33.450811,126.919939,12643,53,22.6,3.5,20.5,11.2,19671,27854450,142100000,-114245550,42170000,53210000,19160000,15600000,11960000,2023,2,2023-06-01,2023-06-21,21,2675,6783,1987,720,355,123,40.5
대구 동성로,대구 중구 달구벌대로 2077 더현대 대구,라면/면류,평균(Mid),35.866498,128.590488,16638,41,16.2,3.9,14.7,9.3,25104,38844272,139780000,-100935728,47030000,49720000,17870000,13200000,11960000,2025,4,2025-10-28,2025-11-06,10,2686,7181,4480,1540,593,158,53.3
제주/서귀포,제주 서귀포시 성산읍 동류암로 20 플레이스 캠프,주류/음료,평균(Mid),33.450752,126.919967,11017,42,18.4,4.1,14.1,13.2,24396,35477736,156550000,-121072264,57120000,56100000,17200000,16300000,9830000,2025,4,2025-11-21,2025-12-04,14,115,5656,4256,747,121,122,51.8
서울 강남/압구정,서울 강남구 강남대로 426 일상비일상의틈,스낵/과자류,성공(High),37.501552,127.026314,23189,143,48.4,4.6,48.9,23.4,25001,135661076,146790000,-11128924,47090000,38420000,38920000,14400000,7960000,2025,3,2025-07-08,2025-07-17,10,4534,12089,4116,1500,659,291,75.4
대구 동성로,대구 중구 달구벌대로 2077 더현대 대구,건강/비건식품,평균(Mid),35.866436,128.590562,14672,35,27.1,3.8,20.6,10.7,25774,40462705,120480000,-80017295,28750000,45340000,17240000,17400000,11750000,2025,3,2025-07-22,2025-08-04,14,623,1826,6584,3974,1283,382,44.4
부산 해운대/서면,부산 수영구 민락수변로17번길 56 밀락더마켓,라면/면류,실패(Low),35.154088,129.127151,2913,18,7.5,2.9,5.4,1.2,13177,460615,107630000,-107169385,41900000,34740000,10080000,12700000,8210000,2024,2,2024-05-19,2024-06-08,21,437,1228,819,269,124,36,21.6
서울 여의도,서울 영등포구 국제금융로 10 IFC몰 L3,라면/면류,실패(Low),37.525013,126.925491,3738,5,10.0,2.1,3.9,2.1,16244,1275121,116260000,-114984879,34500000,47440000,10320000,15200000,8800000,2025,4,2025-10-01,2025-10-10,10,602,1708,864,380,148,36,23.8
서울 성수동,서울 성동구 연무장15길 11 에스팩토리 D동,건강/비건식품,성공(High),37.540062,127.059499,27375,115,52.5,4.6,36.5,21.1,28105,162337993,193480000,-31142007,58590000,65670000,48770000,12600000,7850000,2024,2,2024-05-20,2024-06-09,21,1255,3779,11116,7690,2710,825,83.1
서울 강남/압구정,서울 강남구 강남대로 426 일상비일상의틈,베이커리/디저트,평균(Mid),37.501539,127.026519,15939,31,26.9,3.9,15.6,11.8,25855,48628135,154600000,-105971865,42430000,61050000,23970000,15400000,11750000,2025,2,2025-05-04,2025-05-13,10,3301,8845,2436,769,439,149,58.6
서울 홍대/연남,서울 마포구 어울마당로 65 상상마당,건강/비건식품,성공(High),37.550911,126.920955,31852,128,39.4,4.5,39.3,27.7,41248,363931268,169500000,194431268,37780000,67610000,37860000,16500000,9750000,2024,3,2024-08-28,2024-09-06,10,1389,3615,13998,8678,3281,891,86.9
서울 여의도,서울 영등포구 국제금융로 10 IFC몰 L3,베이커리/디저트,실패(Low),37.525133,126.925491,3365,17,8.4,2.0,6.5,3.8,17284,2210105,134200000,-131989895,37820000,60850000,11850000,13100000,10580000,2025,3,2025-08-06,2025-08-26,21,599,1780,601,230,120,35,10.3
서울 홍대/연남,서울 마포구 어울마당로 65 상상마당,간편식/밀키트,성공(High),37.550761,126.921074,34423,125,49.0,4.8,45.3,24.8,36842,314516617,155570000,158946617,38900000,48780000,42420000,18000000,7470000,2024,2,2024-05-25,2024-06-07,14,4600,15857,8565,3833,1222,346,84.3
서울 여의도,서울 영등포구 여의대로 108 더현대 서울 지하 1층,라면/면류,평균(Mid),37.52575,126.928463,15475,15,19.6,3.8,16.5,12.2,27088,51140789,108960000,-57819211,33940000,37010000,15120000,16500000,6390000,2021,1,2021-03-31,2021-04-20,21,2129,6760,4247,1574,611,154,73.7
대구 동성로,대구 동구 동부로 149 신세계 대구,베이커리/디저트,평균(Mid),35.877722,128.628637,14771,47,15.1,4.0,18.1,8.1,23427,28029257,154990000,-126960743,42690000,68580000,15100000,18000000,10620000,2025,3,2025-09-10,2025-09-23,14,2721,8223,2309,939,449,130,58.2
서울 강남/압구정,서울 강남구 압구정로46길 50 하우스 도산,베이커리/디저트,평균(Mid),37.525097,127.035322,11054,50,21.5,4.1,17.1,13.4,25757,38152195,143180000,-105027805,39540000,58000000,20650000,16300000,8690000,2025,2,2025-06-24,2025-07-14,21,2352,6006,1547,736,288,125,63.7
서울 홍대/연남,서울 마포구 어울마당로 65 상상마당,주류/음료,평균(Mid),37.550806,126.921147,12819,72,26.9,3.5,13.1,12.5,23835,38192608,136660000,-98467392,45600000,43420000,21970000,17200000,8470000,2025,3,2025-09-30,2025-10-09,10,121,7003,4485,957,127,126,50.9
서울 여의도,서울 영등포구 여의대로 108 더현대 서울 지하 1층,주류/음료,실패(Low),37.525924,126.928393,6712,4,8.2,2.1,6.3,2.7,13977,2532967,140730000,-138197033,50310000,59880000,10310000,12300000,7930000,2025,2,2025-06-02,2025-06-22,21,60,3825,2166,519,69,73,31.7
서울 홍대/연남,서울 마포구 어울마당로 65 상상마당,베이커리/디저트,실패(Low),37.550966,126.921105,3867,13,8.2,2.1,5.2,3.9,11271,1699813,144560000,-142860187,48010000,58820000,8700000,17800000,11230000,2025,3,2025-07-20,2025-07-29,10,741,2066,686,225,112,37,31.6
부산 해운대/서면,부산 해운대구 센텀남대로 35 신세계 센텀시티,주류/음료,성공(High),35.168841,129.130154,31366,150,48.2,4.6,46.0,25.1,31144,245192538,146410000,98782538,55290000,30820000,35610000,13500000,11190000,2024,3,2024-07-25,2024-08-03,10,349,18097,10276,2019,293,332,85.4
제주/서귀포,제주 서귀포시 안덕면 신화역사로304번길 38 신화월드,스낵/과자류,평균(Mid),33.305935,126.316515,11872,64,17.5,3.6,12.9,12.7,22798,34373547,143900000,-109526453,58290000,38130000,21710000,17700000,8070000,2024,1,2024-02-07,2024-02-27,21,2654,6302,1713,668,398,137,74.2
서울 여의도,서울 영등포구 여의대로 108 더현대 서울 지하 1층,베이커리/디저트,실패(Low),37.525777,126.928463,3471,4,3.0,2.5,5.7,2.5,16231,1408445,126430000,-125021555,52090000,34390000,12320000,16700000,10930000,2025,2,2025-04-28,2025-05-11,14,721,1825,509,265,109,42,13.5
부산 해운대/서면,부산 해운대구 센텀남대로 35 신세계 센텀시티,베이커리/디저트,평균(Mid),35.16889,129.130186,12596,71,18.4,3.9,12.7,13.2,21562,35850533,129470000,-93619467,46190000,35950000,21530000,14300000,11500000,2025,1,2025-01-08,2025-01-28,21,2695,6890,1776,691,403,141,40.6
서울 성수동,서울 성동구 연무장11길 13 플랜트란스 성수플래그십,베이커리/디저트,평균(Mid),37.54287,127.056808,13831,37,24.1,3.8,12.5,12.9,25932,46267848,120370000,-74102152,43280000,32140000,19270000,14100000,11580000,2024,1,2024-03-15,2024-04-14,31,2875,7650,1783,943,451,129,67.0
서울 홍대/연남,서울 서대문구 연희로5길 22 연남장,라면/면류,성공(High),37.562839,126.928946,31316,131,48.2,4.7,47.7,24.9,40432,315275959,165800000,149475959,49310000,46680000,44560000,13400000,11850000,2025,4,2025-12-09,2026-01-22,45,5102,13790,7617,3195,1301,311,91.1
서울 여의도,서울 영등포구 국제금융로 10 IFC몰 L3,라면/면류,평균(Mid),37.525126,126.925296,15877,45,23.1,3.5,20.8,12.7,14972,30189226,147340000,-117150774,47610000,61780000,16400000,12200000,9350000,2025,2,2025-04-08,2025-04-21,14,2151,6912,4554,1481,621,158,44.2
서울 성수동,서울 성동구 연무장15길 11 에스팩토리 D동,건강/비건식품,성공(High),37.540164,127.059575,36229,141,49.8,4.6,48.8,28.5,32616,336768843,145040000,191728843,53950000,34150000,33630000,16300000,7010000,2023,4,2023-11-10,2023-11-30,21,1746,4411,16113,9837,3152,970,80.3
서울 성수동,서울 성동구 연무장15길 11 에스팩토리 D동,라면/면류,성공(High),37.540219,127.059591,26120,140,54.8,4.7,38.3,26.5,30651,212160091,168790000,43370091,51940000,58650000,34050000,13900000,10250000,2025,2,2025-04-08,2025-04-28,21,4221,11844,5899,2760,1118,278,75.4
서울 강남/압구정,서울 강남구 압구정로46길 50 하우스 도산,주류/음료,실패(Low),37.525196,127.035251,7528,8,7.9,1.9,5.1,3.2,14836,3573933,148230000,-144656067,59420000,51720000,10860000,15500000,10730000,2025,4,2025-10-07,2025-10-16,10,86,3879,2871,527,84,81,18.2
서울 여의도,서울 영등포구 여의대로 108 더현대 서울 지하 1층,주류/음료,성공(High),37.525948,126.928456,26497,159,44.1,4.9,38.0,21.0,38417,213766402,173630000,40136402,59360000,53480000,31780000,17200000,11810000,2025,4,2025-12-14,2025-12-27,14,288,15310,8406,1887,305,301,90.5
서울 여의도,서울 영등포구 여의대로 108 더현대 서울 지하 1층,주류/음료,평균(Mid),37.525711,126.928528,17160,35,24.7,3.5,15.3,10.4,24846,44341165,129380000,-85038835,47070000,38150000,17340000,17100000,9720000,2024,3,2024-08-31,2024-09-09,10,163,9334,5874,1410,207,172,58.1
대구 동성로,대구 동구 동부로 149 신세계 대구,스낵/과자류,실패(Low),35.877822,128.628363,1726,9,4.8,2.5,3.6,2.7,11064,515604,149810000,-149294396,57890000,59940000,12280000,13400000,6300000,2025,3,2025-09-03,2025-09-12,10,324,979,259,98,50,16,19.7
서울 성수동,서울 성동구 연무장11길 13 플랜트란스 성수플래그십,라면/면류,성공(High),37.542713,127.056984,26892,106,46.9,4.7,39.5,30.6,36863,303343857,135910000,167433857,25980000,45800000,39030000,16500000,8600000,2025,3,2025-09-06,2025-10-20,45,3688,12008,6914,2910,1090,282,82.4
제주/서귀포,제주 서귀포시 안덕면 신화역사로304번길 38 신화월드,스낵/과자류,평균(Mid),33.306073,126.316397,13905,58,20.8,3.5,16.6,14.3,27758,55194423,145810000,-90615577,56160000,47800000,15900000,15500000,10450000,2025,2,2025-04-21,2025-05-11,21,2628,7957,1872,811,469,168,40.0
부산 해운대/서면,부산 수영구 민락수변로17번길 56 밀락더마켓,스낵/과자류,실패(Low),35.154262,129.127069,4369,7,5.9,2.7,3.0,3.7,17075,2760224,129120000,-126359776,37270000,56110000,13460000,14600000,7680000,2023,4,2023-10-08,2023-11-07,31,793,2408,737,246,137,48,18.4
대구 동성로,대구 중구 달구벌대로 2077 더현대 대구,주류/음료,실패(Low),35.866583,128.590514,4570,11,3.5,2.9,5.5,2.6,13331,1583989,131210000,-129626011,59450000,41720000,9340000,14000000,6700000,2025,4,2025-12-05,2025-12-18,14,50,2429,1631,370,49,41,28.1
서울 강남/압구정,서울 강남구 압구정로46길 50 하우스 도산,라면/면류,실패(Low),37.52526,127.035312,1926,8,5.4,2.5,7.4,4.1,16073,1269220,128690000,-127420780,30140000,63790000,13000000,14300000,7460000,2024,4,2024-10-11,2024-10-20,10,323,774,537,182,91,19,37.3
서울 강남/압구정,서울 강남구 압구정로46길 50 하우스 도산,스낵/과자류,평균(Mid),37.525097,127.035284,14578,36,26.2,3.5,14.0,13.2,14402,27713710,120290000,-92576290,25720000,47930000,19190000,16200000,11250000,2022,1,2022-01-24,2022-02-06,14,2960,7682,2205,1043,538,150,69.6
서울 홍대/연남,서울 마포구 어울마당로 65 상상마당,라면/면류,평균(Mid),37.550874,126.921109,14902,50,18.5,4.2,21.4,15.2,18298,41446872,146710000,-105263128,32140000,67790000,22040000,13200000,11540000,2025,4,2025-10-09,2025-10-18,10,2080,6762,3930,1448,545,137,40.8
서울 홍대/연남,서울 서대문구 연희로5길 22 연남장,주류/음료,실패(Low),37.562856,126.928829,4317,18,4.3,2.6,10.0,2.2,12620,1198571,146900000,-145701429,48350000,69490000,6660000,13100000,9300000,2025,4,2025-10-09,2025-10-22,14,49,2177,1687,312,51,41,35.2
부산 해운대/서면,부산 수영구 민락수변로17번길 56 밀락더마켓,스낵/과자류,성공(High),35.154228,129.127056,27704,67,54.9,4.4,43.6,33.1,33130,303802895,157480000,146322895,47460000,44800000,36660000,17300000,11260000,2025,2,2025-06-26,2025-07-16,21,5678,15125,4326,1443,850,282,90.7
서울 여의도,서울 영등포구 여의대로 108 더현대 서울 지하 1층,주류/음료,성공(High),37.525681,126.928414,28381,116,46.2,4.6,49.3,29.5,30214,252963542,106860000,146103542,26460000,30400000,30100000,13700000,6200000,2025,1,2025-01-31,2025-02-20,21,277,15439,10033,2080,253,299,90.6
서울 성수동,서울 성동구 연무장11길 13 플랜트란스 성수플래그십,베이커리/디저트,실패(Low),37.542705,127.056894,1576,10,7.2,2.6,4.9,1.5,21721,513484,113510000,-112996516,42790000,34080000,9030000,15900000,11710000,2023,4,2023-11-21,2023-12-04,14,346,832,225,99,56,18,22.8
서울 강남/압구정,서울 강남구 영동대로 513 코엑스,라면/면류,실패(Low),37.512647,127.058897,3821,2,4.6,2.2,8.2,5.6,16553,3541944,159060000,-155518056,52390000,64790000,14710000,15700000,11470000,2025,3,2025-07-16,2025-08-29,45,624,1732,940,342,145,38,21.1
부산 해운대/서면,부산 해운대구 센텀남대로 35 신세계 센텀시티,스낵/과자류,성공(High),35.168762,129.130103,31869,164,40.4,4.4,43.2,29.4,23445,219667599,163430000,56237599,53930000,54140000,31190000,14600000,9570000,2025,4,2025-12-12,2026-01-01,21,5921,17016,5215,2170,1165,382,81.1
서울 여의도,서울 영등포구 여의대로 108 더현대 서울 지하 1층,라면/면류,평균(Mid),37.525806,126.928453,13378,46,23.1,4.0,21.2,8.8,21784,25645518,156090000,-130444482,44430000,69240000,20010000,12600000,9810000,2025,1,2025-02-01,2025-02-14,14,2072,5822,3448,1438,469,129,42.3
제주/서귀포,제주 서귀포시 안덕면 신화역사로304번길 38 신화월드,라면/면류,실패(Low),33.306094,126.316398,6011,11,11.9,1.9,7.7,4.8,20276,5850193,142480000,-136629807,42490000,67930000,9470000,14200000,8390000,2025,4,2025-12-14,2026-01-03,21,990,2602,1530,615,217,57,16.4
서울 홍대/연남,서울 서대문구 연희로5길 22 연남장,스낵/과자류,실패(Low),37.562961,126.928863,4479,9,8.0,2.7,8.2,1.8,17839,1438215,106900000,-105461785,35300000,32130000,14930000,16000000,8540000,2024,2,2024-06-16,2024-06-29,14,952,2363,644,330,140,50,16.9
서울 성수동,서울 성동구 연무장15길 11 에스팩토리 D동,스낵/과자류,평균(Mid),37.540066,127.05939,15948,51,18.4,3.9,20.8,10.6,21648,36595684,157060000,-120464316,48290000,65470000,19750000,13300000,10250000,2024,2,2024-04-06,2024-04-19,14,2846,9432,2108,890,505,167,56.9
대구 동성로,대구 동구 동부로 149 신세계 대구,건강/비건식품,실패(Low),35.877828,128.628503,5309,12,5.6,2.6,5.7,1.3,15915,1098405,115480000,-114381595,29360000,55540000,7990000,12500000,10090000,2025,2,2025-06-19,2025-07-02,14,244,706,2129,1609,480,141,30.9
서울 홍대/연남,서울 마포구 어울마당로 65 상상마당,라면/면류,평균(Mid),37.550806,126.921069,8213,39,20.9,3.4,18.8,10.6,26339,22930153,143080000,-120149847,57340000,36040000,26600000,15300000,7800000,2023,4,2023-10-11,2023-11-10,31,1298,3640,1986,866,350,73,56.6
대구 동성로,대구 중구 달구벌대로 2077 더현대 대구,라면/면류,평균(Mid),35.866558,128.590569,8417,66,22.7,3.6,16.1,12.6,20018,21229929,140240000,-119010071,30200000,69420000,19030000,12500000,9090000,2024,4,2024-11-23,2024-12-02,10,1326,3430,2301,896,389,75,42.0
서울 강남/압구정,서울 강남구 강남대로 426 일상비일상의틈,라면/면류,성공(High),37.501539,127.026338,21543,145,53.2,4.4,43.9,28.3,36747,224034295,127400000,96634295,29500000,43850000,32750000,12800000,8500000,2025,3,2025-09-23,2025-10-02,10,3015,9751,5381,2142,1040,214,94.2
서울 성수동,서울 성동구 연무장5길 20 쎈느,라면/면류,실패(Low),37.542966,127.054226,5400,2,4.0,2.3,5.3,3.3,15182,2705432,104870000,-102164568,39060000,30140000,9160000,16600000,9910000,2022,2,2022-06-14,2022-06-23,10,737,2558,1298,571,183,53,36.4
대구 동성로,대구 중구 달구벌대로 2077 더현대 대구,라면/면류,평균(Mid),35.866508,128.590745,12737,31,16.0,4.1,17.8,14.2,20696,37431903,144520000,-107088097,48240000,46670000,21820000,17500000,10290000,2025,4,2025-12-12,2025-12-21,10,1749,5298,3802,1209,547,132,67.5
서울 강남/압구정,서울 강남구 영동대로 513 코엑스,스낵/과자류,실패(Low),37.512383,127.058914,6150,9,9.3,2.7,8.4,4.3,16297,4309741,119320000,-115010259,42390000,46140000,9740000,14400000,6650000,2025,3,2025-09-05,2025-10-05,31,1126,3633,758,371,202,60,37.8
서울 여의도,서울 영등포구 여의대로 108 더현대 서울 지하 1층,간편식/밀키트,평균(Mid),37.52577,126.928379,13771,50,16.4,3.7,17.2,9.0,18179,22530870,162810000,-140279130,42790000,68070000,28090000,12900000,10960000,2025,4,2025-11-10,2025-11-30,21,2459,5646,3535,1345,620,166,59.1
대구 동성로,대구 동구 동부로 149 신세계 대구,라면/면류,성공(High),35.877935,128.628378,22282,143,45.0,4.7,45.8,24.8,33121,183024526,147780000,35244526,35160000,42480000,47340000,12300000,10500000,2025,3,2025-08-03,2025-08-16,14,3129,10596,5116,2294,890,257,94.3
서울 여의도,서울 영등포구 여의대로 108 더현대 서울 지하 1층,라면/면류,평균(Mid),37.525753,126.928396,14627,32,18.9,4.2,12.1,14.2,18880,39214401,159440000,-120225599,51610000,64670000,19460000,16200000,7500000,2025,2,2025-04-27,2025-05-06,10,2407,6678,3436,1392,570,144,42.6
서울 여의도,서울 영등포구 여의대로 108 더현대 서울 지하 1층,간편식/밀키트,평균(Mid),37.52593,126.928412,15716,45,26.8,4.2,19.2,9.9,15338,23864148,164090000,-140225852,45450000,63720000,27750000,17600000,9570000,2025,3,2025-09-24,2025-10-07,14,2556,7066,3882,1364,683,165,52.8
서울 홍대/연남,서울 마포구 홍익로 25 T팩토리,스낵/과자류,평균(Mid),37.556109,126.923353,12577,48,19.1,3.5,19.0,8.7,20698,22647730,148720000,-126072270,38460000,66460000,17090000,17900000,8810000,2025,2,2025-05-11,2025-05-24,14,2184,7331,1907,658,372,125,47.9
서울 여의도,서울 영등포구 여의대로 108 더현대 서울 지하 1층,라면/면류,성공(High),37.525792,126.928337,24233,155,44.9,4.5,49.9,34.6,32769,274755547,117680000,157075547,30500000,31460000,31550000,17100000,7070000,2025,4,2025-10-31,2025-11-09,10,3040,11493,6223,2367,891,219,78.9
제주/서귀포,제주 서귀포시 성산읍 동류암로 20 플레이스 캠프,베이커리/디저트,성공(High),33.450656,126.91991,32281,154,49.6,4.7,38.1,29.3,38980,368685820,159580000,209105820,40090000,63670000,31800000,14600000,9420000,2025,3,2025-08-03,2025-08-16,14,6751,18001,4207,1945,1058,319,77.8
제주/서귀포,제주 서귀포시 안덕면 신화역사로304번길 38 신화월드,라면/면류,평균(Mid),33.305913,126.316316,15052,22,15.8,4.1,19.8,9.9,23838,35522148,129990000,-94467852,32890000,42340000,27590000,17300000,9870000,2025,2,2025-05-21,2025-06-03,14,1985,7474,3480,1418,550,145,61.8
서울 홍대/연남,서울 서대문구 연희로5길 22 연남장,스낵/과자류,성공(High),37.563049,126.928804,31379,128,42.5,4.8,33.0,23.2,32967,239997386,154560000,85437386,48210000,39740000,44890000,12300000,9420000,2025,4,2025-10-17,2025-11-06,21,6648,17075,4220,2062,1031,343,90.6
서울 홍대/연남,서울 마포구 어울마당로 65 상상마당,주류/음료,실패(Low),37.55084,126.921125,2852,13,5.6,2.7,9.8,1.2,12074,413220,125030000,-124616780,50640000,42640000,6040000,16100000,9610000,2025,2,2025-06-25,2025-07-15,21,25,1479,1094,207,23,24,26.2
서울 강남/압구정,서울 강남구 영동대로 513 코엑스,간편식/밀키트,실패(Low),37.512453,127.05866,6007,10,5.1,2.9,4.4,3.4,10240,2091397,146450000,-144358603,41490000,66980000,10310000,17300000,10370000,2025,3,2025-09-21,2025-09-30,10,847,2884,1444,571,201,60,14.1
서울 여의도,서울 영등포구 여의대로 108 더현대 서울 지하 1층,건강/비건식품,성공(High),37.525846,126.928335,26108,115,42.7,4.9,32.2,28.8,35938,270221559,151160000,119061559,53800000,45800000,32030000,12600000,6930000,2022,4,2022-11-08,2022-12-08,31,1342,2832,10599,8366,2230,739,91.2
서울 성수동,서울 성동구 연무장11길 13 플랜트란스 성수플래그십,라면/면류,성공(High),37.542654,127.056986,35614,107,44.9,4.6,39.1,28.6,33052,336654583,167310000,169344583,49830000,43460000,47260000,17200000,9560000,2025,3,2025-08-28,2025-09-17,21,4794,16714,8735,3552,1488,331,87.7
서울 성수동,서울 성동구 뚝섬로13길 38 공간 와디즈,주류/음료,평균(Mid),37.544573,127.051872,16427,44,21.4,3.8,19.7,12.7,20426,42613313,165490000,-122876687,58630000,64150000,18930000,15600000,8180000,2025,1,2025-02-10,2025-02-23,14,189,9357,5291,1248,183,159,53.6
서울 홍대/연남,서울 마포구 어울마당로 65 상상마당,베이커리/디저트,실패(Low),37.550766,126.920883,3805,9,7.0,2.3,7.4,4.2,23426,3743709,104510000,-100766291,40590000,33540000,9260000,12600000,8520000,2025,4,2025-10-10,2025-11-09,31,778,2168,492,241,94,32,28.9
서울 성수동,서울 성동구 연무장11길 13 플랜트란스 성수플래그십,간편식/밀키트,실패(Low),37.542924,127.05685,5198,22,5.2,1.9,3.5,5.3,7555,2081357,123720000,-121638643,34220000,52320000,10080000,17000000,10100000,2025,3,2025-07-02,2025-07-22,21,679,2515,1308,448,196,52,17.3
서울 강남/압구정,서울 강남구 압구정로46길 50 하우스 도산,라면/면류,평균(Mid),37.525242,127.03541,16253,24,25.8,3.4,21.7,13.4,19001,41382315,132480000,-91097685,29760000,55770000,25190000,14800000,6960000,2025,2,2025-05-29,2025-06-07,10,2010,7683,4178,1534,699,149,52.1
서울 여의도,서울 영등포구 국제금융로 10 IFC몰 L3,라면/면류,성공(High),37.525242,126.925399,26632,160,54.2,4.4,38.4,28.9,34116,262578843,136540000,126038843,33880000,44190000,32150000,14400000,11920000,2024,1,2024-03-20,2024-03-29,10,4362,12001,6604,2285,1132,248,93.3
부산 해운대/서면,부산 해운대구 센텀남대로 35 신세계 센텀시티,라면/면류,성공(High),35.168862,129.130169,26114,118,38.5,4.7,35.3,23.5,39314,241261762,164920000,76341762,53520000,54400000,35120000,12500000,9380000,2025,4,2025-12-12,2026-01-01,21,3793,10810,7160,2837,1200,314,80.8
서울 성수동,서울 성동구 뚝섬로13길 38 공간 와디즈,베이커리/디저트,성공(High),37.54473,127.051803,26832,136,39.4,4.5,45.0,34.2,30193,277067392,192510000,84557392,54830000,65070000,46480000,16200000,9930000,2025,3,2025-07-13,2025-07-22,10,4651,15652,3617,1768,875,269,84.4
서울 여의도,서울 영등포구 여의대로 108 더현대 서울 지하 1층,주류/음료,성공(High),37.525912,126.92827,23689,117,45.3,4.9,45.2,23.0,34110,185847311,152730000,33117311,44660000,46830000,38730000,16000000,6510000,2025,3,2025-07-10,2025-07-23,14,259,12643,8446,1868,240,233,92.8
부산 해운대/서면,부산 해운대구 센텀남대로 35 신세계 센텀시티,라면/면류,평균(Mid),35.168909,129.130172,11368,49,25.0,3.9,20.1,15.4,19374,33917519,141550000,-107632481,29940000,68530000,20610000,13900000,8570000,2025,4,2025-12-08,2026-01-07,31,1660,5479,2635,1000,472,122,64.8
서울 여의도,서울 영등포구 국제금융로 10 IFC몰 L3,베이커리/디저트,성공(High),37.525113,126.925502,32366,153,44.1,4.8,36.9,25.8,26293,219557803,178660000,40897803,55120000,65910000,35790000,12400000,9440000,2022,4,2022-10-28,2022-11-27,31,6230,17946,4738,2026,1046,380,76.2
서울 여의도,서울 영등포구 여의대로 108 더현대 서울 지하 1층,베이커리/디저트,성공(High),37.525846,126.928365,21576,165,49.0,4.4,42.0,26.6,33317,191213459,155660000,35553459,25490000,56210000,47830000,16400000,9730000,2025,2,2025-06-04,2025-06-17,14,4381,11942,3004,1386,623,240,77.9
서울 강남/압구정,서울 강남구 강남대로 426 일상비일상의틈,스낵/과자류,평균(Mid),37.501455,127.026543,15656,57,17.6,4.2,20.3,11.0,18109,31186595,164540000,-133353405,58600000,51870000,28600000,16700000,8770000,2024,2,2024-05-04,2024-05-24,21,3423,8036,2598,935,521,143,40.3
부산 해운대/서면,부산 수영구 민락수변로17번길 56 밀락더마켓,스낵/과자류,실패(Low),35.15408,129.127042,5178,7,9.6,2.3,3.6,2.6,13009,1751375,142330000,-140578625,41520000,67400000,8190000,13300000,11920000,2025,2,2025-04-17,2025-04-30,14,906,3056,691,332,141,52,27.7
서울 강남/압구정,서울 강남구 압구정로46길 50 하우스 도산,라면/면류,평균(Mid),37.52529,127.035416,9553,47,25.0,3.8,12.1,13.9,22473,29841155,132410000,-102568845,43480000,44060000,21780000,16800000,6290000,2025,4,2025-11-14,2025-11-27,14,1546,4398,2292,890,335,92,55.7
서울 홍대/연남,서울 마포구 홍익로 25 T팩토리,베이커리/디저트,평균(Mid),37.556301,126.923457,10822,59,19.3,3.6,16.2,10.3,24875,27727316,152910000,-125182684,43170000,66170000,19530000,15900000,8140000,2025,1,2025-01-09,2025-02-08,31,2047,6088,1631,634,319,103,44.7
부산 해운대/서면,부산 해운대구 센텀남대로 35 신세계 센텀시티,라면/면류,실패(Low),35.168811,129.130297,5807,6,7.6,1.8,7.2,5.7,13867,4589963,150050000,-145460037,57960000,53390000,14740000,13700000,10260000,2025,3,2025-08-01,2025-08-14,14,767,2782,1448,561,195,54,36.8
제주/서귀포,제주 서귀포시 안덕면 신화역사로304번길 38 신화월드,베이커리/디저트,성공(High),33.30585,126.316502,29457,159,54.6,4.7,45.2,23.4,35750,246422533,131750000,114672533,37260000,32320000,38610000,12700000,10860000,2022,4,2022-11-17,2023-01-15,60,5487,16944,4223,1606,952,245,85.6
서울 성수동,서울 성동구 연무장11길 13 플랜트란스 성수플래그십,주류/음료,평균(Mid),37.542744,127.057025,14218,71,26.8,3.6,14.9,9.3,22796,30142558,141730000,-111587442,53980000,36040000,23110000,17900000,10700000,2024,4,2024-11-06,2024-12-20,45,145,7037,5565,1168,139,164,48.5
서울 여의도,서울 영등포구 여의대로 108 더현대 서울 지하 1층,스낵/과자류,성공(High),37.525811,126.92853,27377,116,41.1,4.8,48.3,33.4,31660,289496443,153930000,135566443,35470000,43720000,48550000,16000000,10190000,2024,2,2024-04-21,2024-04-30,10,4801,15817,4133,1677,657,292,85.0
서울 홍대/연남,서울 마포구 어울마당로 65 상상마당,주류/음료,성공(High),37.550876,126.921082,30352,149,42.4,4.8,47.0,20.2,24395,149568282,152200000,-2631718,30170000,60410000,34630000,15800000,11190000,2025,4,2025-11-26,2025-12-05,10,325,15740,11691,1989,338,269,88.6
서울 강남/압구정,서울 강남구 강남대로 426 일상비일상의틈,간편식/밀키트,평균(Mid),37.501624,127.026265,10508,45,25.3,4.2,14.0,9.9,21373,22234160,143350000,-121115840,57810000,39160000,23780000,14600000,8000000,2023,1,2023-03-11,2023-03-20,10,1723,4930,2379,999,370,107,42.7
서울 강남/압구정,서울 강남구 압구정로46길 50 하우스 도산,라면/면류,평균(Mid),37.525207,127.035331,14026,47,15.3,3.5,18.1,9.5,17611,23466129,146260000,-122793871,33270000,58580000,28160000,17300000,8950000,2022,4,2022-11-08,2022-11-17,10,2009,6600,3344,1339,611,123,49.6
서울 성수동,서울 성동구 뚝섬로13길 38 공간 와디즈,스낵/과자류,평균(Mid),37.544548,127.052021,9999,38,27.0,4.0,18.2,9.1,25841,23512958,131750000,-108237042,49470000,33130000,25130000,16700000,7320000,2024,1,2024-03-19,2024-03-28,10,2049,5557,1440,564,306,83,68.2
제주/서귀포,제주 서귀포시 성산읍 동류암로 20 플레이스 캠프,라면/면류,성공(High),33.450582,126.920098,30148,126,50.6,4.4,47.1,34.2,34070,351282687,132890000,218392687,29950000,42910000,33690000,14500000,11840000,2025,3,2025-09-22,2025-10-12,21,4131,13075,8576,2712,1292,362,84.2
서울 성수동,서울 성동구 연무장15길 11 에스팩토리 D동,베이커리/디저트,성공(High),37.540252,127.059401,25125,102,47.4,4.8,36.4,28.0,34603,243432105,142740000,100692105,42450000,37190000,37000000,17400000,8700000,2025,4,2025-12-07,2025-12-16,10,5501,13757,3240,1639,768,220,85.9
서울 강남/압구정,서울 강남구 강남대로 426 일상비일상의틈,라면/면류,성공(High),37.501376,127.026324,23016,143,39.3,4.7,42.7,33.7,33778,261995408,150090000,111905408,35060000,53670000,35100000,14300000,11960000,2021,1,2021-01-02,2021-02-01,31,2848,10927,5681,2376,963,221,83.7
대구 동성로,대구 중구 달구벌대로 2077 더현대 대구,주류/음료,평균(Mid),35.86649,128.590653,18650,23,21.4,3.9,18.9,12.7,22231,52655235,124330000,-71674765,30930000,51410000,21640000,13400000,6950000,2023,2,2023-06-25,2023-08-08,45,193,10364,6366,1321,208,198,41.5
서울 여의도,서울 영등포구 여의대로 108 더현대 서울 지하 1층,라면/면류,성공(High),37.525673,126.928477,26321,151,51.5,4.5,46.8,31.4,28037,231720029,160910000,70810029,48030000,57960000,36000000,12300000,6620000,2025,4,2025-12-10,2025-12-19,10,4311,11374,6634,2672,1057,273,78.3
서울 성수동,서울 성동구 연무장15길 11 에스팩토리 D동,라면/면류,실패(Low),37.54025,127.059636,4188,0,6.2,1.9,9.5,2.0,14347,1201704,144170000,-142968296,47500000,61390000,10970000,17200000,7110000,2025,4,2025-11-08,2025-11-28,21,605,1977,964,422,174,46,22.5
대구 동성로,대구 중구 동성로6길 61 스파크,라면/면류,실패(Low),35.869916,128.59565,6763,14,10.6,2.2,3.5,4.6,8177,2543848,148390000,-145846152,47670000,62960000,11390000,14800000,11570000,2023,3,2023-09-23,2023-10-06,14,1094,2978,1724,644,267,56,15.9
서울 강남/압구정,서울 강남구 강남대로 426 일상비일상의틈,간편식/밀키트,실패(Low),37.501546,127.026481,2554,6,2.8,2.9,6.7,5.1,13024,1696428,154350000,-152653572,53850000,66980000,10780000,15400000,7340000,2025,4,2025-10-14,2025-10-23,10,374,1160,667,232,96,25,11.4
서울 강남/압구정,서울 강남구 강남대로 426 일상비일상의틈,베이커리/디저트,평균(Mid),37.501481,127.026497,10235,58,19.2,3.9,14.5,8.1,18135,15034549,108710000,-93675451,36460000,31040000,17800000,13000000,10410000,2021,3,2021-07-18,2021-08-31,45,2349,5375,1535,561,319,96,69.5
서울 여의도,서울 영등포구 국제금융로 10 IFC몰 L3,라면/면류,실패(Low),37.525021,126.925536,5687,16,3.0,2.7,3.8,5.1,9670,2804657,142160000,-139355343,58040000,50910000,12370000,13700000,7140000,2024,2,2024-05-04,2024-05-24,21,834,2758,1299,520,223,53,37.5
서울 강남/압구정,서울 강남구 강남대로 426 일상비일상의틈,라면/면류,실패(Low),37.501507,127.026361,4150,3,9.4,2.8,7.6,3.4,16840,2376124,110950000,-108573876,37980000,45470000,5430000,13500000,8570000,2024,2,2024-04-15,2024-05-15,31,558,1804,1149,430,169,40,32.2
서울 성수동,서울 성동구 연무장5길 20 쎈느,건강/비건식품,실패(Low),37.542852,127.054191,4281,6,10.7,2.3,4.8,4.5,15661,3017013,102170000,-99152987,31730000,39000000,7860000,16600000,6980000,2025,2,2025-04-14,2025-05-04,21,254,524,1578,1398,398,129,33.9
서울 성수동,서울 성동구 연무장5길 20 쎈느,라면/면류,평균(Mid),37.542866,127.054192,13150,49,25.7,3.9,13.6,13.5,24102,42787075,132330000,-89542925,41390000,42680000,24920000,12300000,11040000,2025,4,2025-12-10,2025-12-30,21,1863,6202,3092,1314,569,110,48.5
제주/서귀포,제주 서귀포시 성산읍 동류암로 20 플레이스 캠프,베이커리/디저트,평균(Mid),33.450584,126.920078,13710,48,17.4,3.9,15.5,15.8,21663,46925957,143560000,-96634043,57800000,36320000,25780000,14000000,9660000,2025,3,2025-07-20,2025-07-29,10,2640,7541,2074,827,477,151,73.6
서울 성수동,서울 성동구 연무장15길 11 에스팩토리 D동,라면/면류,실패(Low),37.540182,127.059368,4937,10,4.6,2.4,7.9,4.1,12598,2550049,119930000,-117379951,33360000,44830000,13580000,17500000,10660000,2025,3,2025-08-04,2025-08-13,10,750,2056,1328,550,212,41,15.5
서울 여의도,서울 영등포구 여의대로 108 더현대 서울 지하 1층,라면/면류,성공(High),37.525784,126.928517,27549,123,51.1,4.9,45.9,22.2,36993,226244674,159840000,66404674,51070000,52210000,31240000,15900000,9420000,2024,3,2024-08-06,2024-09-05,31,4696,11712,6972,2610,1241,318,94.0
서울 여의도,서울 영등포구 국제금융로 10 IFC몰 L3,라면/면류,실패(Low),37.525018,126.925273,800,8,10.7,2.2,4.2,2.4,12309,236332,142140000,-141903668,44080000,63110000,13390000,13100000,8460000,2024,4,2024-10-27,2024-11-26,31,111,364,207,80,30,8,37.9
대구 동성로,대구 중구 달구벌대로 2077 더현대 대구,라면/면류,성공(High),35.866586,128.590587,34089,116,48.6,4.9,34.2,26.6,27991,253813262,156380000,97433262,54380000,33860000,41690000,17900000,8550000,2023,2,2023-05-14,2023-07-12,60,5955,14476,8067,3531,1672,388,89.2
서울 여의도,서울 영등포구 여의대로 108 더현대 서울 지하 1층,라면/면류,평균(Mid),37.525691,126.928494,8888,37,19.1,3.5,14.5,15.8,24598,34543069,136190000,-101646931,42150000,51110000,18310000,13600000,11020000,2025,3,2025-07-27,2025-08-09,14,1427,3894,2320,770,376,101,74.3
서울 성수동,서울 성동구 연무장15길 11 에스팩토리 D동,건강/비건식품,실패(Low),37.540298,127.059409,5975,8,9.1,2.4,4.4,3.4,8792,1786094,120370000,-118583906,34460000,55470000,9670000,13500000,7270000,2025,3,2025-09-26,2025-10-09,14,304,785,2511,1563,659,153,25.9
제주/서귀포,제주 서귀포시 성산읍 동류암로 20 플레이스 캠프,건강/비건식품,성공(High),33.450573,126.919947,20058,128,38.5,4.4,49.3,23.4,35098,164734990,124800000,39934990,32400000,39580000,30070000,15300000,7450000,2025,3,2025-09-20,2025-10-10,21,1106,2346,7479,6417,2056,654,80.2
서울 강남/압구정,서울 강남구 강남대로 426 일상비일상의틈,간편식/밀키트,실패(Low),37.501507,127.026345,3301,13,5.9,2.9,5.8,4.1,12482,1689326,130820000,-129130674,38590000,64630000,6780000,14200000,6620000,2025,1,2025-02-03,2025-02-16,14,554,1402,801,367,138,39,22.2
서울 성수동,서울 성동구 연무장5길 20 쎈느,베이커리/디저트,실패(Low),37.542903,127.05445,7529,0,3.0,1.9,7.2,1.9,10103,1445244,112020000,-110574756,32810000,44940000,11800000,15600000,6870000,2025,4,2025-12-04,2026-01-03,31,1465,4254,1112,412,221,65,26.6
제주/서귀포,제주 서귀포시 성산읍 동류암로 20 플레이스 캠프,베이커리/디저트,성공(High),33.450763,126.920059,32556,129,53.4,4.8,32.5,28.4,25556,236288322,152030000,84258322,39840000,41540000,47800000,13200000,9650000,2022,4,2022-12-02,2023-01-30,60,5880,18656,4607,2040,1027,346,76.5
서울 성수동,서울 성동구 연무장5길 20 쎈느,건강/비건식품,평균(Mid),37.54309,127.054391,13257,62,21.2,4.0,21.3,10.3,24578,33560546,156460000,-122899454,49680000,57920000,20550000,16400000,11910000,2024,3,2024-08-02,2024-08-15,14,756,1579,5084,4131,1292,415,61.8
서울 강남/압구정,서울 강남구 영동대로 513 코엑스,라면/면류,평균(Mid),37.512556,127.058906,8935,37,24.7,3.6,21.8,14.2,20380,25857532,155520000,-129662468,57040000,50560000,23320000,18000000,6600000,2024,4,2024-10-07,2024-11-06,31,1404,4192,2121,794,345,79,74.3
부산 해운대/서면,부산 수영구 민락수변로17번길 56 밀락더마켓,건강/비건식품,평균(Mid),35.154107,129.127103,13711,37,19.9,3.7,14.8,8.1,26658,29606134,128290000,-98683866,49170000,32260000,21810000,13600000,11450000,2025,4,2025-10-12,2025-11-01,21,831,1702,5333,3827,1553,465,46.7
